date,users,year,month,day
2017-10-01,0,2017,10,1
2017-10-02,0,2017,10,2
2017-10-03,0,2017,10,3
2017-10-04,0,2017,10,4
2017-10-05,0,2017,10,5
2017-10-06,0,2017,10,6
2017-10-07,0,2017,10,7
2017-10-08,0,2017,10,8
2017-10-09,0,2017,10,9
2017-10-10,0,2017,10,10
2017-10-11,0,2017,10,11
2017-10-12,0,2017,10,12
2017-10-13,0,2017,10,13
2017-10-14,0,2017,10,14
2017-10-15,0,2017,10,15
2017-10-16,0,2017,10,16
2017-10-17,0,2017,10,17
2017-10-18,0,2017,10,18
2017-10-19,0,2017,10,19
2017-10-20,0,2017,10,20
2017-10-21,0,2017,10,21
2017-10-22,0,2017,10,22
2017-10-23,0,2017,10,23
2017-10-24,0,2017,10,24
2017-10-25,0,2017,10,25
2017-10-26,0,2017,10,26
2017-10-27,0,2017,10,27
2017-10-28,0,2017,10,28
2017-10-29,0,2017,10,29
2017-10-30,0,2017,10,30
2017-10-31,0,2017,10,31
2017-11-01,0,2017,11,1
2017-11-02,0,2017,11,2
2017-11-03,0,2017,11,3
2017-11-04,0,2017,11,4
2017-11-05,0,2017,11,5
2017-11-06,0,2017,11,6
2017-11-07,40,2017,11,7
2017-11-08,90,2017,11,8
2017-11-09,79,2017,11,9
2017-11-10,16,2017,11,10
2017-11-11,10,2017,11,11
2017-11-12,18,2017,11,12
2017-11-13,15,2017,11,13
2017-11-14,25,2017,11,14
2017-11-15,29,2017,11,15
2017-11-16,41,2017,11,16
2017-11-17,35,2017,11,17
2017-11-18,23,2017,11,18
2017-11-19,35,2017,11,19
2017-11-20,23,2017,11,20
2017-11-21,29,2017,11,21
2017-11-22,30,2017,11,22
2017-11-23,6,2017,11,23
2017-11-24,5,2017,11,24
2017-11-25,2,2017,11,25
2017-11-26,46,2017,11,26
2017-11-27,45,2017,11,27
2017-11-28,141,2017,11,28
2017-11-29,268,2017,11,29
2017-11-30,69,2017,11,30
2017-12-01,52,2017,12,1
2017-12-02,21,2017,12,2
2017-12-03,36,2017,12,3
2017-12-04,25,2017,12,4
2017-12-05,29,2017,12,5
2017-12-06,259,2017,12,6
2017-12-07,140,2017,12,7
2017-12-08,40,2017,12,8
2017-12-09,254,2017,12,9
2017-12-10,151,2017,12,10
2017-12-11,60,2017,12,11
2017-12-12,174,2017,12,12
2017-12-13,59,2017,12,13
2017-12-14,56,2017,12,14
2017-12-15,35,2017,12,15
2017-12-16,29,2017,12,16
2017-12-17,89,2017,12,17
2017-12-18,90,2017,12,18
2017-12-19,78,2017,12,19
2017-12-20,134,2017,12,20
2017-12-21,68,2017,12,21
2017-12-22,51,2017,12,22
2017-12-23,52,2017,12,23
2017-12-24,45,2017,12,24
2017-12-25,53,2017,12,25
2017-12-26,80,2017,12,26
2017-12-27,61,2017,12,27
2017-12-28,56,2017,12,28
2017-12-29,71,2017,12,29
2017-12-30,53,2017,12,30
2017-12-31,42,2017,12,31
2018-01-01,57,2018,1,1
2018-01-02,63,2018,1,2
2018-01-03,78,2018,1,3
2018-01-04,73,2018,1,4
2018-01-05,38,2018,1,5
2018-01-06,87,2018,1,6
2018-01-07,61,2018,1,7
2018-01-08,51,2018,1,8
2018-01-09,45,2018,1,9
2018-01-10,55,2018,1,10
2018-01-11,46,2018,1,11
2018-01-12,34,2018,1,12
2018-01-13,49,2018,1,13
2018-01-14,70,2018,1,14
2018-01-15,47,2018,1,15
2018-01-16,45,2018,1,16
2018-01-17,44,2018,1,17
2018-01-18,49,2018,1,18
2018-01-19,38,2018,1,19
2018-01-20,40,2018,1,20
2018-01-21,55,2018,1,21
2018-01-22,47,2018,1,22
2018-01-23,57,2018,1,23
2018-01-24,34,2018,1,24
2018-01-25,58,2018,1,25
2018-01-26,51,2018,1,26
2018-01-27,46,2018,1,27
2018-01-28,79,2018,1,28
2018-01-29,49,2018,1,29
2018-01-30,121,2018,1,30
2018-01-31,66,2018,1,31
2018-02-01,32,2018,2,1
2018-02-02,41,2018,2,2
2018-02-03,43,2018,2,3
2018-02-04,47,2018,2,4
2018-02-05,137,2018,2,5
2018-02-06,113,2018,2,6
2018-02-07,74,2018,2,7
2018-02-08,81,2018,2,8
2018-02-09,85,2018,2,9
2018-02-10,62,2018,2,10
2018-02-11,78,2018,2,11
2018-02-12,67,2018,2,12
2018-02-13,44,2018,2,13
2018-02-14,447,2018,2,14
2018-02-15,158,2018,2,15
2018-02-16,214,2018,2,16
2018-02-17,69,2018,2,17
2018-02-18,49,2018,2,18
2018-02-19,50,2018,2,19
2018-02-20,40,2018,2,20
2018-02-21,54,2018,2,21
2018-02-22,306,2018,2,22
2018-02-23,258,2018,2,23
2018-02-24,228,2018,2,24
2018-02-25,60,2018,2,25
2018-02-26,59,2018,2,26
2018-02-27,61,2018,2,27
2018-02-28,59,2018,2,28
2018-03-01,217,2018,3,1
2018-03-02,123,2018,3,2
2018-03-03,68,2018,3,3
2018-03-04,75,2018,3,4
2018-03-05,67,2018,3,5
2018-03-06,44,2018,3,6
2018-03-07,55,2018,3,7
2018-03-08,205,2018,3,8
2018-03-09,194,2018,3,9
2018-03-10,169,2018,3,10
2018-03-11,301,2018,3,11
2018-03-12,182,2018,3,12
2018-03-13,99,2018,3,13
2018-03-14,79,2018,3,14
2018-03-15,213,2018,3,15
2018-03-16,155,2018,3,16
2018-03-17,76,2018,3,17
2018-03-18,82,2018,3,18
2018-03-19,302,2018,3,19
2018-03-20,167,2018,3,20
2018-03-21,103,2018,3,21
2018-03-22,118,2018,3,22
2018-03-23,100,2018,3,23
2018-03-24,75,2018,3,24
2018-03-25,78,2018,3,25
2018-03-26,122,2018,3,26
2018-03-27,242,2018,3,27
2018-03-28,95,2018,3,28
2018-03-29,134,2018,3,29
2018-03-30,152,2018,3,30
2018-03-31,223,2018,3,31
2018-04-01,206,2018,4,1
2018-04-02,279,2018,4,2
2018-04-03,155,2018,4,3
2018-04-04,147,2018,4,4
2018-04-05,116,2018,4,5
2018-04-06,97,2018,4,6
2018-04-07,94,2018,4,7
2018-04-08,125,2018,4,8
2018-04-09,91,2018,4,9
2018-04-10,313,2018,4,10
2018-04-11,264,2018,4,11
2018-04-12,152,2018,4,12
2018-04-13,117,2018,4,13
2018-04-14,119,2018,4,14
2018-04-15,214,2018,4,15
2018-04-16,357,2018,4,16
2018-04-17,149,2018,4,17
2018-04-18,99,2018,4,18
2018-04-19,129,2018,4,19
2018-04-20,206,2018,4,20
2018-04-21,141,2018,4,21
2018-04-22,89,2018,4,22
2018-04-23,137,2018,4,23
2018-04-24,93,2018,4,24
2018-04-25,89,2018,4,25
2018-04-26,84,2018,4,26
2018-04-27,100,2018,4,27
2018-04-28,102,2018,4,28
2018-04-29,154,2018,4,29
2018-04-30,286,2018,4,30
2018-05-01,220,2018,5,1
2018-05-02,146,2018,5,2
2018-05-03,75,2018,5,3
2018-05-04,82,2018,5,4
2018-05-05,47,2018,5,5
2018-05-06,253,2018,5,6
2018-05-07,224,2018,5,7
2018-05-08,145,2018,5,8
2018-05-09,72,2018,5,9
2018-05-10,87,2018,5,10
2018-05-11,59,2018,5,11
2018-05-12,60,2018,5,12
2018-05-13,95,2018,5,13
2018-05-14,73,2018,5,14
2018-05-15,510,2018,5,15
2018-05-16,281,2018,5,16
2018-05-17,180,2018,5,17
2018-05-18,127,2018,5,18
2018-05-19,104,2018,5,19
2018-05-20,147,2018,5,20
2018-05-21,105,2018,5,21
2018-05-22,121,2018,5,22
2018-05-23,154,2018,5,23
2018-05-24,219,2018,5,24
2018-05-25,158,2018,5,25
2018-05-26,114,2018,5,26
2018-05-27,144,2018,5,27
2018-05-28,144,2018,5,28
2018-05-29,121,2018,5,29
2018-05-30,116,2018,5,30
2018-05-31,220,2018,5,31
2018-06-01,295,2018,6,1
2018-06-02,247,2018,6,2
2018-06-03,177,2018,6,3
2018-06-04,238,2018,6,4
2018-06-05,58,2018,6,5
2018-06-06,20,2018,6,6
2018-06-07,238,2018,6,7
2018-06-08,128,2018,6,8
2018-06-09,137,2018,6,9
2018-06-10,90,2018,6,10
2018-06-11,258,2018,6,11
2018-06-12,203,2018,6,12
2018-06-13,279,2018,6,13
2018-06-14,127,2018,6,14
2018-06-15,87,2018,6,15
2018-06-16,29,2018,6,16
2018-06-17,36,2018,6,17
2018-06-18,105,2018,6,18
2018-06-19,155,2018,6,19
2018-06-20,160,2018,6,20
2018-06-21,148,2018,6,21
2018-06-22,219,2018,6,22
2018-06-23,170,2018,6,23
2018-06-24,189,2018,6,24
2018-06-25,157,2018,6,25
2018-06-26,146,2018,6,26
2018-06-27,160,2018,6,27
2018-06-28,173,2018,6,28
2018-06-29,179,2018,6,29
2018-06-30,210,2018,6,30
2018-07-01,161,2018,7,1
2018-07-02,145,2018,7,2
2018-07-03,85,2018,7,3
2018-07-04,150,2018,7,4
2018-07-05,163,2018,7,5
2018-07-06,106,2018,7,6
2018-07-07,107,2018,7,7
2018-07-08,368,2018,7,8
2018-07-09,368,2018,7,9
2018-07-10,252,2018,7,10
2018-07-11,172,2018,7,11
2018-07-12,165,2018,7,12
2018-07-13,144,2018,7,13
2018-07-14,130,2018,7,14
2018-07-15,144,2018,7,15
2018-07-16,210,2018,7,16
2018-07-17,187,2018,7,17
2018-07-18,191,2018,7,18
2018-07-19,278,2018,7,19
2018-07-20,253,2018,7,20
2018-07-21,525,2018,7,21
2018-07-22,489,2018,7,22
2018-07-23,340,2018,7,23
2018-07-24,349,2018,7,24
2018-07-25,386,2018,7,25
2018-07-26,351,2018,7,26
2018-07-27,270,2018,7,27
2018-07-28,261,2018,7,28
2018-07-29,276,2018,7,29
2018-07-30,832,2018,7,30
2018-07-31,696,2018,7,31
2018-08-01,464,2018,8,1
2018-08-02,389,2018,8,2
2018-08-03,336,2018,8,3
2018-08-04,680,2018,8,4
2018-08-05,363,2018,8,5
2018-08-06,313,2018,8,6
2018-08-07,416,2018,8,7
2018-08-08,378,2018,8,8
2018-08-09,360,2018,8,9
2018-08-10,332,2018,8,10
2018-08-11,331,2018,8,11
2018-08-12,414,2018,8,12
2018-08-13,530,2018,8,13
2018-08-14,610,2018,8,14
2018-08-15,388,2018,8,15
2018-08-16,399,2018,8,16
2018-08-17,349,2018,8,17
2018-08-18,321,2018,8,18
2018-08-19,365,2018,8,19
2018-08-20,450,2018,8,20
2018-08-21,568,2018,8,21
2018-08-22,419,2018,8,22
2018-08-23,363,2018,8,23
2018-08-24,375,2018,8,24
2018-08-25,272,2018,8,25
2018-08-26,384,2018,8,26
2018-08-27,462,2018,8,27
2018-08-28,427,2018,8,28
2018-08-29,411,2018,8,29
2018-08-30,330,2018,8,30
2018-08-31,306,2018,8,31
2018-09-01,273,2018,9,1
2018-09-02,355,2018,9,2
2018-09-03,346,2018,9,3
2018-09-04,349,2018,9,4
2018-09-05,384,2018,9,5
2018-09-06,193,2018,9,6
2018-09-07,368,2018,9,7
2018-09-08,376,2018,9,8
2018-09-09,548,2018,9,9
2018-09-10,465,2018,9,10
2018-09-11,448,2018,9,11
2018-09-12,387,2018,9,12
2018-09-13,333,2018,9,13
2018-09-14,322,2018,9,14
2018-09-15,326,2018,9,15
2018-09-16,408,2018,9,16
2018-09-17,431,2018,9,17
2018-09-18,423,2018,9,18
2018-09-19,326,2018,9,19
2018-09-20,297,2018,9,20
2018-09-21,258,2018,9,21
2018-09-22,286,2018,9,22
2018-09-23,519,2018,9,23
2018-09-24,538,2018,9,24
2018-09-25,385,2018,9,25
2018-09-26,384,2018,9,26
2018-09-27,373,2018,9,27
2018-09-28,317,2018,9,28
2018-09-29,316,2018,9,29
2018-09-30,625,2018,9,30
2018-10-01,427,2018,10,1
2018-10-02,379,2018,10,2
2018-10-03,449,2018,10,3
2018-10-04,606,2018,10,4
2018-10-05,328,2018,10,5
2018-10-06,328,2018,10,6
2018-10-07,540,2018,10,7
2018-10-08,426,2018,10,8
2018-10-09,381,2018,10,9
2018-10-10,302,2018,10,10
2018-10-11,332,2018,10,11
2018-10-12,292,2018,10,12
2018-10-13,278,2018,10,13
2018-10-14,666,2018,10,14
2018-10-15,443,2018,10,15
2018-10-16,294,2018,10,16
2018-10-17,310,2018,10,17
2018-10-18,291,2018,10,18
2018-10-19,246,2018,10,19
2018-10-20,270,2018,10,20
2018-10-21,658,2018,10,21
2018-10-22,611,2018,10,22
2018-10-23,512,2018,10,23
2018-10-24,490,2018,10,24
2018-10-25,417,2018,10,25
2018-10-26,351,2018,10,26
2018-10-27,336,2018,10,27
2018-10-28,456,2018,10,28
2018-10-29,343,2018,10,29
2018-10-30,364,2018,10,30
2018-10-31,313,2018,10,31
2018-11-01,371,2018,11,1
2018-11-02,329,2018,11,2
2018-11-03,271,2018,11,3
2018-11-04,457,2018,11,4
2018-11-05,462,2018,11,5
2018-11-06,397,2018,11,6
2018-11-07,405,2018,11,7
2018-11-08,334,2018,11,8
2018-11-09,271,2018,11,9
2018-11-10,341,2018,11,10
2018-11-11,468,2018,11,11
2018-11-12,370,2018,11,12
2018-11-13,310,2018,11,13
2018-11-14,494,2018,11,14
2018-11-15,348,2018,11,15
2018-11-16,349,2018,11,16
2018-11-17,495,2018,11,17
2018-11-18,502,2018,11,18
2018-11-19,765,2018,11,19
2018-11-20,1101,2018,11,20
2018-11-21,949,2018,11,21
2018-11-22,925,2018,11,22
2018-11-23,1557,2018,11,23
2018-11-24,776,2018,11,24
2018-11-25,670,2018,11,25
2018-11-26,1121,2018,11,26
2018-11-27,530,2018,11,27
2018-11-28,409,2018,11,28
2018-11-29,339,2018,11,29
2018-11-30,613,2018,11,30
2018-12-01,332,2018,12,1
2018-12-02,775,2018,12,2
2018-12-03,646,2018,12,3
2018-12-04,427,2018,12,4
2018-12-05,410,2018,12,5
2018-12-06,747,2018,12,6
2018-12-07,412,2018,12,7
2018-12-08,530,2018,12,8
2018-12-09,702,2018,12,9
2018-12-10,437,2018,12,10
2018-12-11,407,2018,12,11
2018-12-12,372,2018,12,12
2018-12-13,419,2018,12,13
2018-12-14,346,2018,12,14
2018-12-15,393,2018,12,15
2018-12-16,913,2018,12,16
2018-12-17,503,2018,12,17
2018-12-18,703,2018,12,18
2018-12-19,637,2018,12,19
2018-12-20,482,2018,12,20
2018-12-21,406,2018,12,21
2018-12-22,354,2018,12,22
2018-12-23,438,2018,12,23
2018-12-24,596,2018,12,24
2018-12-25,1075,2018,12,25
2018-12-26,1525,2018,12,26
2018-12-27,975,2018,12,27
2018-12-28,899,2018,12,28
2018-12-29,557,2018,12,29
2018-12-30,520,2018,12,30
2018-12-31,414,2018,12,31
2019-01-01,452,2019,1,1
2019-01-02,509,2019,1,2
2019-01-03,468,2019,1,3
2019-01-04,468,2019,1,4
2019-01-05,520,2019,1,5
2019-01-06,572,2019,1,6
2019-01-07,475,2019,1,7
2019-01-08,525,2019,1,8
2019-01-09,376,2019,1,9
2019-01-10,396,2019,1,10
2019-01-11,355,2019,1,11
2019-01-12,391,2019,1,12
2019-01-13,475,2019,1,13
2019-01-14,352,2019,1,14
2019-01-15,316,2019,1,15
2019-01-16,339,2019,1,16
2019-01-17,273,2019,1,17
2019-01-18,272,2019,1,18
2019-01-19,343,2019,1,19
2019-01-20,569,2019,1,20
2019-01-21,317,2019,1,21
2019-01-22,276,2019,1,22
2019-01-23,298,2019,1,23
2019-01-24,294,2019,1,24
2019-01-25,245,2019,1,25
2019-01-26,270,2019,1,26
2019-01-27,368,2019,1,27
2019-01-28,303,2019,1,28
2019-01-29,259,2019,1,29
2019-01-30,341,2019,1,30
2019-01-31,468,2019,1,31
2019-02-01,348,2019,2,1
2019-02-02,375,2019,2,2
2019-02-03,508,2019,2,3
2019-02-04,414,2019,2,4
2019-02-05,394,2019,2,5
2019-02-06,319,2019,2,6
2019-02-07,307,2019,2,7
2019-02-08,265,2019,2,8
2019-02-09,298,2019,2,9
2019-02-10,365,2019,2,10
2019-02-11,319,2019,2,11
2019-02-12,279,2019,2,12
2019-02-13,273,2019,2,13
2019-02-14,256,2019,2,14
2019-02-15,233,2019,2,15
2019-02-16,270,2019,2,16
2019-02-17,267,2019,2,17
2019-02-18,170,2019,2,18
2019-02-19,284,2019,2,19
2019-02-20,265,2019,2,20
2019-02-21,239,2019,2,21
2019-02-22,206,2019,2,22
2019-02-23,201,2019,2,23
2019-02-24,234,2019,2,24
2019-02-25,232,2019,2,25
2019-02-26,215,2019,2,26
2019-02-27,308,2019,2,27
2019-02-28,677,2019,2,28
2019-03-01,240,2019,3,1
2019-03-02,304,2019,3,2
2019-03-03,312,2019,3,3
2019-03-04,252,2019,3,4
2019-03-05,336,2019,3,5
2019-03-06,302,2019,3,6
2019-03-07,246,2019,3,7
2019-03-08,199,2019,3,8
2019-03-09,231,2019,3,9
2019-03-10,284,2019,3,10
2019-03-11,266,2019,3,11
2019-03-12,316,2019,3,12
2019-03-13,299,2019,3,13
2019-03-14,226,2019,3,14
2019-03-15,226,2019,3,15
2019-03-16,238,2019,3,16
2019-03-17,259,2019,3,17
2019-03-18,190,2019,3,18
2019-03-19,220,2019,3,19
2019-03-20,193,2019,3,20
2019-03-21,198,2019,3,21
2019-03-22,176,2019,3,22
2019-03-23,197,2019,3,23
2019-03-24,245,2019,3,24
2019-03-25,191,2019,3,25
2019-03-26,217,2019,3,26
2019-03-27,171,2019,3,27
2019-03-28,198,2019,3,28
2019-03-29,150,2019,3,29
2019-03-30,175,2019,3,30
2019-03-31,173,2019,3,31
2019-04-01,211,2019,4,1
2019-04-02,209,2019,4,2
2019-04-03,219,2019,4,3
2019-04-04,369,2019,4,4
2019-04-05,174,2019,4,5
2019-04-06,196,2019,4,6
2019-04-07,242,2019,4,7
2019-04-08,186,2019,4,8
2019-04-09,193,2019,4,9
2019-04-10,155,2019,4,10
2019-04-11,166,2019,4,11
2019-04-12,146,2019,4,12
2019-04-13,169,2019,4,13
2019-04-14,186,2019,4,14
2019-04-15,198,2019,4,15
2019-04-16,243,2019,4,16
2019-04-17,277,2019,4,17
2019-04-18,278,2019,4,18
2019-04-19,366,2019,4,19
2019-04-20,271,2019,4,20
2019-04-21,235,2019,4,21
2019-04-22,212,2019,4,22
2019-04-23,178,2019,4,23
2019-04-24,229,2019,4,24
2019-04-25,185,2019,4,25
2019-04-26,142,2019,4,26
2019-04-27,213,2019,4,27
2019-04-28,208,2019,4,28
2019-04-29,146,2019,4,29
2019-04-30,173,2019,4,30
2019-05-01,150,2019,5,1
2019-05-02,153,2019,5,2
2019-05-03,160,2019,5,3
2019-05-04,201,2019,5,4
2019-05-05,176,2019,5,5
2019-05-06,181,2019,5,6
2019-05-07,140,2019,5,7
2019-05-08,171,2019,5,8
2019-05-09,148,2019,5,9
2019-05-10,160,2019,5,10
2019-05-11,150,2019,5,11
2019-05-12,184,2019,5,12
2019-05-13,176,2019,5,13
2019-05-14,129,2019,5,14
2019-05-15,152,2019,5,15
2019-05-16,190,2019,5,16
2019-05-17,127,2019,5,17
2019-05-18,187,2019,5,18
2019-05-19,205,2019,5,19
2019-05-20,216,2019,5,20
2019-05-21,199,2019,5,21
2019-05-22,223,2019,5,22
2019-05-23,256,2019,5,23
2019-05-24,232,2019,5,24
2019-05-25,191,2019,5,25
2019-05-26,229,2019,5,26
2019-05-27,234,2019,5,27
2019-05-28,242,2019,5,28
2019-05-29,253,2019,5,29
2019-05-30,238,2019,5,30
2019-05-31,234,2019,5,31
2019-06-01,158,2019,6,1
2019-06-02,171,2019,6,2
2019-06-03,157,2019,6,3
2019-06-04,197,2019,6,4
2019-06-05,163,2019,6,5
2019-06-06,166,2019,6,6
2019-06-07,152,2019,6,7
2019-06-08,157,2019,6,8
2019-06-09,212,2019,6,9
2019-06-10,183,2019,6,10
2019-06-11,173,2019,6,11
2019-06-12,192,2019,6,12
2019-06-13,177,2019,6,13
2019-06-14,358,2019,6,14
2019-06-15,216,2019,6,15
2019-06-16,198,2019,6,16
2019-06-17,181,2019,6,17
2019-06-18,180,2019,6,18
2019-06-19,178,2019,6,19
2019-06-20,184,2019,6,20
2019-06-21,199,2019,6,21
2019-06-22,141,2019,6,22
2019-06-23,186,2019,6,23
2019-06-24,164,2019,6,24
2019-06-25,161,2019,6,25
2019-06-26,138,2019,6,26
2019-06-27,161,2019,6,27
2019-06-28,137,2019,6,28
2019-06-29,170,2019,6,29
2019-06-30,163,2019,6,30
2019-07-01,215,2019,7,1
2019-07-02,176,2019,7,2
2019-07-03,202,2019,7,3
2019-07-04,269,2019,7,4
2019-07-05,153,2019,7,5
2019-07-06,126,2019,7,6
2019-07-07,176,2019,7,7
2019-07-08,202,2019,7,8
2019-07-09,224,2019,7,9
2019-07-10,189,2019,7,10
2019-07-11,159,2019,7,11
2019-07-12,123,2019,7,12
2019-07-13,141,2019,7,13
2019-07-14,131,2019,7,14
2019-07-15,170,2019,7,15
2019-07-16,145,2019,7,16
2019-07-17,149,2019,7,17
2019-07-18,130,2019,7,18
2019-07-19,137,2019,7,19
2019-07-20,145,2019,7,20
2019-07-21,131,2019,7,21
2019-07-22,144,2019,7,22
2019-07-23,94,2019,7,23
2019-07-24,163,2019,7,24
2019-07-25,200,2019,7,25
2019-07-26,130,2019,7,26
2019-07-27,174,2019,7,27
2019-07-28,187,2019,7,28
2019-07-29,186,2019,7,29
2019-07-30,192,2019,7,30
2019-07-31,204,2019,7,31
2019-08-01,142,2019,8,1
2019-08-02,113,2019,8,2
2019-08-03,131,2019,8,3
2019-08-04,310,2019,8,4
2019-08-05,223,2019,8,5
2019-08-06,197,2019,8,6
2019-08-07,172,2019,8,7
2019-08-08,146,2019,8,8
2019-08-09,158,2019,8,9
2019-08-10,140,2019,8,10
2019-08-11,161,2019,8,11
2019-08-12,175,2019,8,12
2019-08-13,151,2019,8,13
2019-08-14,167,2019,8,14
2019-08-15,149,2019,8,15
2019-08-16,151,2019,8,16
2019-08-17,130,2019,8,17
2019-08-18,163,2019,8,18
2019-08-19,162,2019,8,19
2019-08-20,158,2019,8,20
2019-08-21,154,2019,8,21
2019-08-22,281,2019,8,22
2019-08-23,175,2019,8,23
2019-08-24,135,2019,8,24
2019-08-25,142,2019,8,25
2019-08-26,128,2019,8,26
2019-08-27,157,2019,8,27
2019-08-28,204,2019,8,28
2019-08-29,178,2019,8,29
2019-08-30,156,2019,8,30
2019-08-31,163,2019,8,31
2019-09-01,187,2019,9,1
2019-09-02,197,2019,9,2
2019-09-03,162,2019,9,3
2019-09-04,212,2019,9,4
2019-09-05,310,2019,9,5
2019-09-06,254,2019,9,6
2019-09-07,199,2019,9,7
2019-09-08,168,2019,9,8
2019-09-09,205,2019,9,9
2019-09-10,201,2019,9,10
2019-09-11,180,2019,9,11
2019-09-12,196,2019,9,12
2019-09-13,184,2019,9,13
2019-09-14,429,2019,9,14
2019-09-15,255,2019,9,15
2019-09-16,174,2019,9,16
2019-09-17,178,2019,9,17
2019-09-18,197,2019,9,18
2019-09-19,190,2019,9,19
2019-09-20,131,2019,9,20
2019-09-21,183,2019,9,21
2019-09-22,255,2019,9,22
2019-09-23,234,2019,9,23
2019-09-24,239,2019,9,24
2019-09-25,236,2019,9,25
2019-09-26,250,2019,9,26
2019-09-27,216,2019,9,27
2019-09-28,231,2019,9,28
2019-09-29,256,2019,9,29
2019-09-30,270,2019,9,30
2019-10-01,219,2019,10,1
2019-10-02,248,2019,10,2
2019-10-03,357,2019,10,3
2019-10-04,407,2019,10,4
2019-10-05,302,2019,10,5
2019-10-06,329,2019,10,6
2019-10-07,383,2019,10,7
2019-10-08,358,2019,10,8
2019-10-09,276,2019,10,9
2019-10-10,302,2019,10,10
2019-10-11,251,2019,10,11
2019-10-12,251,2019,10,12
2019-10-13,293,2019,10,13
2019-10-14,261,2019,10,14
2019-10-15,276,2019,10,15
2019-10-16,291,2019,10,16
2019-10-17,277,2019,10,17
2019-10-18,259,2019,10,18
2019-10-19,247,2019,10,19
2019-10-20,316,2019,10,20
2019-10-21,287,2019,10,21
2019-10-22,276,2019,10,22
2019-10-23,261,2019,10,23
2019-10-24,276,2019,10,24
2019-10-25,256,2019,10,25
2019-10-26,310,2019,10,26
2019-10-27,288,2019,10,27
2019-10-28,308,2019,10,28
2019-10-29,267,2019,10,29
2019-10-30,269,2019,10,30
2019-10-31,313,2019,10,31
2019-11-01,404,2019,11,1
2019-11-02,339,2019,11,2
2019-11-03,473,2019,11,3
2019-11-04,390,2019,11,4
2019-11-05,310,2019,11,5
2019-11-06,312,2019,11,6
2019-11-07,311,2019,11,7
2019-11-08,250,2019,11,8
2019-11-09,263,2019,11,9
2019-11-10,303,2019,11,10
2019-11-11,241,2019,11,11
2019-11-12,406,2019,11,12
2019-11-13,332,2019,11,13
2019-11-14,862,2019,11,14
2019-11-15,1142,2019,11,15
2019-11-16,912,2019,11,16
2019-11-17,1149,2019,11,17
2019-11-18,837,2019,11,18
2019-11-19,696,2019,11,19
2019-11-20,565,2019,11,20
2019-11-21,563,2019,11,21
2019-11-22,536,2019,11,22
2019-11-23,586,2019,11,23
2019-11-24,594,2019,11,24
2019-11-25,507,2019,11,25
2019-11-26,463,2019,11,26
2019-11-27,851,2019,11,27
2019-11-28,1291,2019,11,28
2019-11-29,963,2019,11,29
2019-11-30,573,2019,11,30
2019-12-01,599,2019,12,1
2019-12-02,553,2019,12,2
2019-12-03,408,2019,12,3
2019-12-04,360,2019,12,4
2019-12-05,356,2019,12,5
2019-12-06,362,2019,12,6
2019-12-07,292,2019,12,7
2019-12-08,363,2019,12,8
2019-12-09,370,2019,12,9
2019-12-10,367,2019,12,10
2019-12-11,583,2019,12,11
2019-12-12,563,2019,12,12
2019-12-13,277,2019,12,13
2019-12-14,265,2019,12,14
2019-12-15,519,2019,12,15
2019-12-16,344,2019,12,16
2019-12-17,330,2019,12,17
2019-12-18,302,2019,12,18
2019-12-19,277,2019,12,19
2019-12-20,311,2019,12,20
2019-12-21,258,2019,12,21
2019-12-22,337,2019,12,22
2019-12-23,331,2019,12,23
2019-12-24,340,2019,12,24
2019-12-25,472,2019,12,25
2019-12-26,644,2019,12,26
2019-12-27,466,2019,12,27
2019-12-28,398,2019,12,28
2019-12-29,402,2019,12,29
2019-12-30,411,2019,12,30
2019-12-31,318,2019,12,31
2020-01-01,326,2020,1,1
2020-01-02,365,2020,1,2
2020-01-03,362,2020,1,3
2020-01-04,324,2020,1,4
2020-01-05,382,2020,1,5
2020-01-06,327,2020,1,6
2020-01-07,322,2020,1,7
2020-01-08,330,2020,1,8
2020-01-09,304,2020,1,9
2020-01-10,255,2020,1,10
2020-01-11,414,2020,1,11
2020-01-12,595,2020,1,12
2020-01-13,591,2020,1,13
2020-01-14,388,2020,1,14
2020-01-15,256,2020,1,15
2020-01-16,261,2020,1,16
2020-01-17,240,2020,1,17
2020-01-18,235,2020,1,18
2020-01-19,395,2020,1,19
2020-01-20,309,2020,1,20
2020-01-21,252,2020,1,21
2020-01-22,237,2020,1,22
2020-01-23,251,2020,1,23
2020-01-24,202,2020,1,24
2020-01-25,209,2020,1,25
2020-01-26,278,2020,1,26
2020-01-27,220,2020,1,27
2020-01-28,242,2020,1,28
2020-01-29,218,2020,1,29
2020-01-30,196,2020,1,30
2020-01-31,185,2020,1,31
2020-02-01,209,2020,2,1
2020-02-02,245,2020,2,2
2020-02-03,234,2020,2,3
2020-02-04,217,2020,2,4
2020-02-05,201,2020,2,5
2020-02-06,231,2020,2,6
2020-02-07,184,2020,2,7
2020-02-08,209,2020,2,8
2020-02-09,265,2020,2,9
2020-02-10,269,2020,2,10
2020-02-11,239,2020,2,11
2020-02-12,178,2020,2,12
2020-02-13,173,2020,2,13
2020-02-14,162,2020,2,14
2020-02-15,170,2020,2,15
2020-02-16,228,2020,2,16
2020-02-17,180,2020,2,17
2020-02-18,147,2020,2,18
2020-02-19,157,2020,2,19
2020-02-20,181,2020,2,20
2020-02-21,133,2020,2,21
2020-02-22,138,2020,2,22
2020-02-23,163,2020,2,23
2020-02-24,123,2020,2,24
2020-02-25,153,2020,2,25
2020-02-26,136,2020,2,26
2020-02-27,158,2020,2,27
2020-02-28,219,2020,2,28
2020-02-29,162,2020,2,29
2020-03-01,336,2020,3,1
2020-03-02,316,2020,3,2
2020-03-03,143,2020,3,3
2020-03-04,169,2020,3,4
2020-03-05,149,2020,3,5
2020-03-06,162,2020,3,6
2020-03-07,134,2020,3,7
2020-03-08,199,2020,3,8
2020-03-09,209,2020,3,9
2020-03-10,143,2020,3,10
2020-03-11,141,2020,3,11
2020-03-12,127,2020,3,12
2020-03-13,89,2020,3,13
2020-03-14,131,2020,3,14
2020-03-15,178,2020,3,15
2020-03-16,132,2020,3,16
2020-03-17,123,2020,3,17
2020-03-18,108,2020,3,18
2020-03-19,90,2020,3,19
2020-03-20,83,2020,3,20
2020-03-21,105,2020,3,21
2020-03-22,95,2020,3,22
2020-03-23,143,2020,3,23
2020-03-24,126,2020,3,24
2020-03-25,130,2020,3,25
2020-03-26,130,2020,3,26
2020-03-27,139,2020,3,27
2020-03-28,207,2020,3,28
2020-03-29,267,2020,3,29
2020-03-30,223,2020,3,30
2020-03-31,193,2020,3,31
2020-04-01,261,2020,4,1
2020-04-02,168,2020,4,2
2020-04-03,149,2020,4,3
2020-04-04,145,2020,4,4
2020-04-05,184,2020,4,5
2020-04-06,202,2020,4,6
2020-04-07,172,2020,4,7
2020-04-08,183,2020,4,8
2020-04-09,142,2020,4,9
2020-04-10,196,2020,4,10
2020-04-11,208,2020,4,11
2020-04-12,181,2020,4,12
2020-04-13,238,2020,4,13
2020-04-14,177,2020,4,14
2020-04-15,151,2020,4,15
2020-04-16,176,2020,4,16
2020-04-17,160,2020,4,17
2020-04-18,207,2020,4,18
2020-04-19,167,2020,4,19
2020-04-20,262,2020,4,20
2020-04-21,169,2020,4,21
2020-04-22,207,2020,4,22
2020-04-23,176,2020,4,23
2020-04-24,181,2020,4,24
2020-04-25,171,2020,4,25
2020-04-26,273,2020,4,26
2020-04-27,318,2020,4,27
2020-04-28,327,2020,4,28
2020-04-29,338,2020,4,29
2020-04-30,333,2020,4,30
2020-05-01,256,2020,5,1
2020-05-02,170,2020,5,2
2020-05-03,380,2020,5,3
2020-05-04,346,2020,5,4
2020-05-05,206,2020,5,5
2020-05-06,196,2020,5,6
2020-05-07,205,2020,5,7
2020-05-08,241,2020,5,8
2020-05-09,246,2020,5,9
2020-05-10,310,2020,5,10
2020-05-11,263,2020,5,11
2020-05-12,191,2020,5,12
2020-05-13,189,2020,5,13
2020-05-14,156,2020,5,14
2020-05-15,207,2020,5,15
2020-05-16,217,2020,5,16
2020-05-17,184,2020,5,17
2020-05-18,258,2020,5,18
2020-05-19,175,2020,5,19
2020-05-20,528,2020,5,20
2020-05-21,315,2020,5,21
2020-05-22,278,2020,5,22
2020-05-23,292,2020,5,23
2020-05-24,245,2020,5,24
2020-05-25,339,2020,5,25
2020-05-26,392,2020,5,26
2020-05-27,224,2020,5,27
2020-05-28,355,2020,5,28
2020-05-29,499,2020,5,29
2020-05-30,468,2020,5,30
2020-05-31,303,2020,5,31
2020-06-01,332,2020,6,1
2020-06-02,221,2020,6,2
2020-06-03,477,2020,6,3
2020-06-04,295,2020,6,4
2020-06-05,301,2020,6,5
2020-06-06,252,2020,6,6
2020-06-07,366,2020,6,7
2020-06-08,516,2020,6,8
2020-06-09,283,2020,6,9
2020-06-10,407,2020,6,10
2020-06-11,633,2020,6,11
2020-06-12,811,2020,6,12
2020-06-13,506,2020,6,13
2020-06-14,450,2020,6,14
2020-06-15,532,2020,6,15
2020-06-16,340,2020,6,16
2020-06-17,445,2020,6,17
2020-06-18,493,2020,6,18
2020-06-19,396,2020,6,19
2020-06-20,338,2020,6,20
2020-06-21,316,2020,6,21
2020-06-22,365,2020,6,22
2020-06-23,694,2020,6,23
2020-06-24,439,2020,6,24
2020-06-25,220,2020,6,25
2020-06-26,224,2020,6,26
2020-06-27,206,2020,6,27
2020-06-28,283,2020,6,28
2020-06-29,279,2020,6,29
2020-06-30,291,2020,6,30
2020-07-01,304,2020,7,1
2020-07-02,399,2020,7,2
2020-07-03,388,2020,7,3
2020-07-04,242,2020,7,4
2020-07-05,247,2020,7,5
2020-07-06,231,2020,7,6
2020-07-07,206,2020,7,7
2020-07-08,238,2020,7,8
2020-07-09,248,2020,7,9
2020-07-10,349,2020,7,10
2020-07-11,340,2020,7,11
2020-07-12,212,2020,7,12
2020-07-13,263,2020,7,13
2020-07-14,273,2020,7,14
2020-07-15,558,2020,7,15
2020-07-16,319,2020,7,16
2020-07-17,376,2020,7,17
2020-07-18,372,2020,7,18
2020-07-19,434,2020,7,19
2020-07-20,556,2020,7,20
2020-07-21,488,2020,7,21
2020-07-22,475,2020,7,22
2020-07-23,443,2020,7,23
2020-07-24,571,2020,7,24
2020-07-25,419,2020,7,25
2020-07-26,363,2020,7,26
2020-07-27,671,2020,7,27
2020-07-28,566,2020,7,28
2020-07-29,508,2020,7,29
2020-07-30,379,2020,7,30
2020-07-31,465,2020,7,31
2020-08-01,293,2020,8,1
2020-08-02,394,2020,8,2
2020-08-03,408,2020,8,3
2020-08-04,301,2020,8,4
2020-08-05,366,2020,8,5
2020-08-06,304,2020,8,6
2020-08-07,324,2020,8,7
2020-08-08,232,2020,8,8
2020-08-09,253,2020,8,9
2020-08-10,299,2020,8,10
2020-08-11,282,2020,8,11
2020-08-12,377,2020,8,12
2020-08-13,250,2020,8,13
2020-08-14,284,2020,8,14
2020-08-15,204,2020,8,15
2020-08-16,226,2020,8,16
2020-08-17,338,2020,8,17
2020-08-18,244,2020,8,18
2020-08-19,256,2020,8,19
2020-08-20,175,2020,8,20
2020-08-21,192,2020,8,21
2020-08-22,179,2020,8,22
2020-08-23,228,2020,8,23
2020-08-24,256,2020,8,24
2020-08-25,341,2020,8,25
2020-08-26,290,2020,8,26
2020-08-27,318,2020,8,27
2020-08-28,346,2020,8,28
2020-08-29,313,2020,8,29
2020-08-30,578,2020,8,30
2020-08-31,537,2020,8,31
2020-09-01,407,2020,9,1
2020-09-02,413,2020,9,2
2020-09-03,348,2020,9,3
2020-09-04,297,2020,9,4
2020-09-05,249,2020,9,5
2020-09-06,377,2020,9,6
2020-09-07,464,2020,9,7
2020-09-08,352,2020,9,8
2020-09-09,355,2020,9,9
2020-09-10,315,2020,9,10
2020-09-11,280,2020,9,11
2020-09-12,294,2020,9,12
2020-09-13,497,2020,9,13
2020-09-14,391,2020,9,14
2020-09-15,375,2020,9,15
2020-09-16,310,2020,9,16
2020-09-17,275,2020,9,17
2020-09-18,238,2020,9,18
2020-09-19,223,2020,9,19
2020-09-20,381,2020,9,20
2020-09-21,254,2020,9,21
2020-09-22,279,2020,9,22
2020-09-23,295,2020,9,23
2020-09-24,281,2020,9,24
2020-09-25,288,2020,9,25
2020-09-26,336,2020,9,26
2020-09-27,362,2020,9,27
2020-09-28,370,2020,9,28
2020-09-29,329,2020,9,29
2020-09-30,303,2020,9,30
2020-10-01,259,2020,10,1
2020-10-02,264,2020,10,2
2020-10-03,280,2020,10,3
2020-10-04,340,2020,10,4
2020-10-05,276,2020,10,5
2020-10-06,249,2020,10,6
2020-10-07,255,2020,10,7
2020-10-08,246,2020,10,8
2020-10-09,256,2020,10,9
2020-10-10,227,2020,10,10
2020-10-11,284,2020,10,11
2020-10-12,232,2020,10,12
2020-10-13,285,2020,10,13
2020-10-14,248,2020,10,14
2020-10-15,238,2020,10,15
2020-10-16,193,2020,10,16
2020-10-17,231,2020,10,17
2020-10-18,278,2020,10,18
2020-10-19,219,2020,10,19
2020-10-20,262,2020,10,20
2020-10-21,252,2020,10,21
2020-10-22,310,2020,10,22
2020-10-23,218,2020,10,23
2020-10-24,205,2020,10,24
2020-10-25,309,2020,10,25
2020-10-26,238,2020,10,26
2020-10-27,251,2020,10,27
2020-10-28,239,2020,10,28
2020-10-29,224,2020,10,29
2020-10-30,220,2020,10,30
2020-10-31,196,2020,10,31
2020-11-01,250,2020,11,1
2020-11-02,237,2020,11,2
2020-11-03,248,2020,11,3
2020-11-04,235,2020,11,4
2020-11-05,273,2020,11,5
2020-11-06,263,2020,11,6
2020-11-07,295,2020,11,7
2020-11-08,394,2020,11,8
2020-11-09,324,2020,11,9
2020-11-10,299,2020,11,10
2020-11-11,345,2020,11,11
2020-11-12,407,2020,11,12
2020-11-13,317,2020,11,13
2020-11-14,345,2020,11,14
2020-11-15,485,2020,11,15
2020-11-16,386,2020,11,16
2020-11-17,335,2020,11,17
2020-11-18,501,2020,11,18
2020-11-19,419,2020,11,19
2020-11-20,411,2020,11,20
2020-11-21,394,2020,11,21
2020-11-22,452,2020,11,22
2020-11-23,391,2020,11,23
2020-11-24,402,2020,11,24
2020-11-25,447,2020,11,25
2020-11-26,646,2020,11,26
2020-11-27,922,2020,11,27
2020-11-28,836,2020,11,28
2020-11-29,575,2020,11,29
2020-11-30,614,2020,11,30
2020-12-01,575,2020,12,1
2020-12-02,494,2020,12,2
2020-12-03,405,2020,12,3
2020-12-04,538,2020,12,4
2020-12-05,477,2020,12,5
2020-12-06,574,2020,12,6
2020-12-07,575,2020,12,7
2020-12-08,623,2020,12,8
2020-12-09,515,2020,12,9
2020-12-10,450,2020,12,10
2020-12-11,367,2020,12,11
2020-12-12,528,2020,12,12
2020-12-13,754,2020,12,13
2020-12-14,624,2020,12,14
2020-12-15,508,2020,12,15
2020-12-16,380,2020,12,16
2020-12-17,367,2020,12,17
2020-12-18,410,2020,12,18
2020-12-19,332,2020,12,19
2020-12-20,449,2020,12,20
2020-12-21,678,2020,12,21
2020-12-22,417,2020,12,22
2020-12-23,388,2020,12,23
2020-12-24,325,2020,12,24
2020-12-25,461,2020,12,25
2020-12-26,1137,2020,12,26
2020-12-27,787,2020,12,27
2020-12-28,768,2020,12,28
2020-12-29,683,2020,12,29
2020-12-30,539,2020,12,30
2020-12-31,597,2020,12,31
2021-01-01,540,2021,1,1
2021-01-02,470,2021,1,2
2021-01-03,470,2021,1,3
2021-01-04,515,2021,1,4
2021-01-05,401,2021,1,5
2021-01-06,348,2021,1,6
2021-01-07,448,2021,1,7
2021-01-08,352,2021,1,8
2021-01-09,381,2021,1,9
2021-01-10,419,2021,1,10
2021-01-11,509,2021,1,11
2021-01-12,363,2021,1,12
2021-01-13,522,2021,1,13
2021-01-14,436,2021,1,14
2021-01-15,559,2021,1,15
2021-01-16,489,2021,1,16
2021-01-17,396,2021,1,17
2021-01-18,501,2021,1,18
2021-01-19,442,2021,1,19
2021-01-20,380,2021,1,20
2021-01-21,306,2021,1,21
2021-01-22,353,2021,1,22
2021-01-23,349,2021,1,23
2021-01-24,484,2021,1,24
2021-01-25,424,2021,1,25
2021-01-26,345,2021,1,26
2021-01-27,328,2021,1,27
2021-01-28,325,2021,1,28
2021-01-29,338,2021,1,29
2021-01-30,295,2021,1,30
2021-01-31,344,2021,1,31
2021-02-01,288,2021,2,1
2021-02-02,302,2021,2,2
2021-02-03,322,2021,2,3
2021-02-04,292,2021,2,4
2021-02-05,262,2021,2,5
2021-02-06,274,2021,2,6
2021-02-07,356,2021,2,7
2021-02-08,319,2021,2,8
2021-02-09,297,2021,2,9
2021-02-10,273,2021,2,10
2021-02-11,313,2021,2,11
2021-02-12,308,2021,2,12
2021-02-13,269,2021,2,13
2021-02-14,348,2021,2,14
2021-02-15,401,2021,2,15
2021-02-16,304,2021,2,16
2021-02-17,302,2021,2,17
2021-02-18,307,2021,2,18
2021-02-19,360,2021,2,19
2021-02-20,263,2021,2,20
2021-02-21,333,2021,2,21
2021-02-22,488,2021,2,22
2021-02-23,296,2021,2,23
2021-02-24,323,2021,2,24
2021-02-25,255,2021,2,25
2021-02-26,285,2021,2,26
2021-02-27,226,2021,2,27
2021-02-28,827,2021,2,28
2021-03-01,506,2021,3,1
2021-03-02,372,2021,3,2
2021-03-03,372,2021,3,3
2021-03-04,333,2021,3,4
2021-03-05,443,2021,3,5
2021-03-06,372,2021,3,6
2021-03-07,383,2021,3,7
2021-03-08,355,2021,3,8
2021-03-09,390,2021,3,9
2021-03-10,431,2021,3,10
2021-03-11,325,2021,3,11
2021-03-12,316,2021,3,12
2021-03-13,267,2021,3,13
2021-03-14,280,2021,3,14
2021-03-15,246,2021,3,15
2021-03-16,353,2021,3,16
2021-03-17,244,2021,3,17
2021-03-18,217,2021,3,18
2021-03-19,244,2021,3,19
2021-03-20,255,2021,3,20
2021-03-21,327,2021,3,21
2021-03-22,345,2021,3,22
2021-03-23,304,2021,3,23
2021-03-24,307,2021,3,24
2021-03-25,291,2021,3,25
2021-03-26,334,2021,3,26
2021-03-27,330,2021,3,27
2021-03-28,368,2021,3,28
2021-03-29,407,2021,3,29
2021-03-30,285,2021,3,30
2021-03-31,318,2021,3,31
2021-04-01,347,2021,4,1
2021-04-02,408,2021,4,2
2021-04-03,330,2021,4,3
2021-04-04,381,2021,4,4
2021-04-05,530,2021,4,5
2021-04-06,369,2021,4,6
2021-04-07,290,2021,4,7
2021-04-08,306,2021,4,8
2021-04-09,308,2021,4,9
2021-04-10,311,2021,4,10
2021-04-11,403,2021,4,11
2021-04-12,462,2021,4,12
2021-04-13,413,2021,4,13
2021-04-14,332,2021,4,14
2021-04-15,300,2021,4,15
2021-04-16,269,2021,4,16
2021-04-17,266,2021,4,17
2021-04-18,284,2021,4,18
2021-04-19,289,2021,4,19
2021-04-20,269,2021,4,20
2021-04-21,268,2021,4,21
2021-04-22,266,2021,4,22
2021-04-23,284,2021,4,23
2021-04-24,265,2021,4,24
2021-04-25,358,2021,4,25
2021-04-26,424,2021,4,26
2021-04-27,341,2021,4,27
2021-04-28,336,2021,4,28
2021-04-29,313,2021,4,29
2021-04-30,323,2021,4,30
2021-05-01,323,2021,5,1
2021-05-02,381,2021,5,2
2021-05-03,520,2021,5,3
2021-05-04,328,2021,5,4
2021-05-05,380,2021,5,5
2021-05-06,440,2021,5,6
2021-05-07,344,2021,5,7
2021-05-08,299,2021,5,8
2021-05-09,334,2021,5,9
2021-05-10,282,2021,5,10
2021-05-11,279,2021,5,11
2021-05-12,271,2021,5,12
2021-05-13,363,2021,5,13
2021-05-14,647,2021,5,14
2021-05-15,291,2021,5,15
2021-05-16,451,2021,5,16
2021-05-17,572,2021,5,17
2021-05-18,492,2021,5,18
2021-05-19,341,2021,5,19
2021-05-20,479,2021,5,20
2021-05-21,641,2021,5,21
2021-05-22,664,2021,5,22
2021-05-23,598,2021,5,23
2021-05-24,584,2021,5,24
2021-05-25,546,2021,5,25
2021-05-26,469,2021,5,26
2021-05-27,492,2021,5,27
2021-05-28,467,2021,5,28
2021-05-29,425,2021,5,29
2021-05-30,372,2021,5,30
2021-05-31,428,2021,5,31
2021-06-01,388,2021,6,1
2021-06-02,297,2021,6,2
2021-06-03,329,2021,6,3
2021-06-04,370,2021,6,4
2021-06-05,288,2021,6,5
2021-06-06,324,2021,6,6
2021-06-07,344,2021,6,7
2021-06-08,268,2021,6,8
2021-06-09,307,2021,6,9
2021-06-10,302,2021,6,10
2021-06-11,358,2021,6,11
2021-06-12,240,2021,6,12
2021-06-13,251,2021,6,13
2021-06-14,356,2021,6,14
2021-06-15,381,2021,6,15
2021-06-16,366,2021,6,16
2021-06-17,336,2021,6,17
2021-06-18,372,2021,6,18
2021-06-19,313,2021,6,19
2021-06-20,376,2021,6,20
2021-06-21,428,2021,6,21
2021-06-22,354,2021,6,22
2021-06-23,364,2021,6,23
2021-06-24,359,2021,6,24
2021-06-25,340,2021,6,25
2021-06-26,345,2021,6,26
2021-06-27,342,2021,6,27
2021-06-28,416,2021,6,28
2021-06-29,292,2021,6,29
2021-06-30,346,2021,6,30
