users,year,month,day,video_id,video_views,video_likes,video_dislikes,comments_count,total_comment_likes_count
40,2017,11,7,3r3lWi_T45g,11564.0,345.0,2.0,67.0,52.0
90,2017,11,8,3r3lWi_T45g,11564.0,345.0,2.0,67.0,52.0
79,2017,11,9,3r3lWi_T45g,11564.0,345.0,2.0,67.0,52.0
16,2017,11,10,3r3lWi_T45g,11564.0,345.0,2.0,67.0,52.0
10,2017,11,11,3r3lWi_T45g,11564.0,345.0,2.0,67.0,52.0
18,2017,11,12,FxURRUI-rGQ,5094.0,180.0,6.0,50.0,69.0
15,2017,11,13,5jCF7VsM9fg,3430.0,108.0,4.0,22.0,27.0
15,2017,11,13,Yvu9QBJio5w,22509.0,442.0,12.0,79.0,122.0
25,2017,11,14,Yvu9QBJio5w,22509.0,442.0,12.0,79.0,122.0
29,2017,11,15,Yvu9QBJio5w,22509.0,442.0,12.0,79.0,122.0
41,2017,11,16,Yvu9QBJio5w,22509.0,442.0,12.0,79.0,122.0
35,2017,11,17,Yvu9QBJio5w,22509.0,442.0,12.0,79.0,122.0
23,2017,11,18,Yvu9QBJio5w,22509.0,442.0,12.0,79.0,122.0
35,2017,11,19,PHwlmlKlkC0,16796.0,258.0,10.0,39.0,16.0
23,2017,11,20,BWZ5qqWcKKI,8175.0,330.0,3.0,101.0,49.0
29,2017,11,21,BWZ5qqWcKKI,8175.0,330.0,3.0,101.0,49.0
30,2017,11,22,Z4g7cJcO_po,9121.0,309.0,5.0,50.0,41.0
6,2017,11,23,PbEVgkFsWOg,22141.0,365.0,11.0,74.0,156.0
5,2017,11,24,PbEVgkFsWOg,22141.0,365.0,11.0,74.0,156.0
2,2017,11,25,PbEVgkFsWOg,22141.0,365.0,11.0,74.0,156.0
46,2017,11,26,Vr_t15m4tu0,9212.0,237.0,4.0,40.0,36.0
45,2017,11,27,sJLXtbreyX0,11977.0,373.0,1.0,55.0,85.0
141,2017,11,28,sJLXtbreyX0,11977.0,373.0,1.0,55.0,85.0
268,2017,11,29,lY60ILtQ2pY,30525.0,773.0,14.0,98.0,300.0
69,2017,11,30,lY60ILtQ2pY,30525.0,773.0,14.0,98.0,300.0
52,2017,12,1,lY60ILtQ2pY,30525.0,773.0,14.0,98.0,300.0
21,2017,12,2,lY60ILtQ2pY,30525.0,773.0,14.0,98.0,300.0
36,2017,12,3,PiLlbTyffzU,24583.0,565.0,9.0,113.0,237.0
25,2017,12,4,PiLlbTyffzU,24583.0,565.0,9.0,113.0,237.0
29,2017,12,5,GF7CndRaMgo,3357.0,149.0,7.0,30.0,29.0
259,2017,12,6,jImjVV_1rrc,15158.0,397.0,5.0,74.0,69.0
140,2017,12,7,jImjVV_1rrc,15158.0,397.0,5.0,74.0,69.0
40,2017,12,8,jImjVV_1rrc,15158.0,397.0,5.0,74.0,69.0
254,2017,12,9,jImjVV_1rrc,15158.0,397.0,5.0,74.0,69.0
151,2017,12,10,J0zYPwD-TVg,31620.0,484.0,14.0,54.0,82.0
60,2017,12,11,J0zYPwD-TVg,31620.0,484.0,14.0,54.0,82.0
174,2017,12,12,e57NB_fNqUs,71101.0,957.0,40.0,140.0,337.0
59,2017,12,13,e57NB_fNqUs,71101.0,957.0,40.0,140.0,337.0
56,2017,12,14,e57NB_fNqUs,71101.0,957.0,40.0,140.0,337.0
35,2017,12,15,e57NB_fNqUs,71101.0,957.0,40.0,140.0,337.0
29,2017,12,16,OnJOkrHKXcY,123882.0,1486.0,75.0,194.0,1207.0
89,2017,12,17,OnJOkrHKXcY,123882.0,1486.0,75.0,194.0,1207.0
90,2017,12,18,OnJOkrHKXcY,123882.0,1486.0,75.0,194.0,1207.0
78,2017,12,19,n3LQXLUW694,23362.0,347.0,16.0,59.0,47.0
134,2017,12,20,ylepXks8Ti8,205966.0,1629.0,109.0,211.0,832.0
68,2017,12,21,ylepXks8Ti8,205966.0,1629.0,109.0,211.0,832.0
51,2017,12,22,ylepXks8Ti8,205966.0,1629.0,109.0,211.0,832.0
52,2017,12,23,ylepXks8Ti8,205966.0,1629.0,109.0,211.0,832.0
45,2017,12,24,ylepXks8Ti8,205966.0,1629.0,109.0,211.0,832.0
53,2017,12,25,ylepXks8Ti8,205966.0,1629.0,109.0,211.0,832.0
80,2017,12,26,ylepXks8Ti8,205966.0,1629.0,109.0,211.0,832.0
61,2017,12,27,ylepXks8Ti8,205966.0,1629.0,109.0,211.0,832.0
56,2017,12,28,ylepXks8Ti8,205966.0,1629.0,109.0,211.0,832.0
71,2017,12,29,ylepXks8Ti8,205966.0,1629.0,109.0,211.0,832.0
53,2017,12,30,nHqEG-_O7bs,8743.0,319.0,9.0,69.0,102.0
42,2017,12,31,nHqEG-_O7bs,8743.0,319.0,9.0,69.0,102.0
57,2018,1,1,eQC6LNzD4mw,25966.0,562.0,18.0,142.0,380.0
63,2018,1,2,eQC6LNzD4mw,25966.0,562.0,18.0,142.0,380.0
78,2018,1,3,eQC6LNzD4mw,25966.0,562.0,18.0,142.0,380.0
73,2018,1,4,eQC6LNzD4mw,25966.0,562.0,18.0,142.0,380.0
38,2018,1,5,eQC6LNzD4mw,25966.0,562.0,18.0,142.0,380.0
87,2018,1,6,eQC6LNzD4mw,25966.0,562.0,18.0,142.0,380.0
61,2018,1,7,eQC6LNzD4mw,25966.0,562.0,18.0,142.0,380.0
51,2018,1,8,Mp9jcx1XonI,9413.0,244.0,10.0,31.0,52.0
45,2018,1,9,Mp9jcx1XonI,9413.0,244.0,10.0,31.0,52.0
55,2018,1,10,Mp9jcx1XonI,9413.0,244.0,10.0,31.0,52.0
46,2018,1,11,Mp9jcx1XonI,9413.0,244.0,10.0,31.0,52.0
34,2018,1,12,Mp9jcx1XonI,9413.0,244.0,10.0,31.0,52.0
49,2018,1,13,Mp9jcx1XonI,9413.0,244.0,10.0,31.0,52.0
70,2018,1,14,Z4IiOQ1ytEY,16581.0,529.0,7.0,138.0,113.0
47,2018,1,15,Z4IiOQ1ytEY,16581.0,529.0,7.0,138.0,113.0
45,2018,1,16,Z4IiOQ1ytEY,16581.0,529.0,7.0,138.0,113.0
44,2018,1,17,Z4IiOQ1ytEY,16581.0,529.0,7.0,138.0,113.0
49,2018,1,18,Z4IiOQ1ytEY,16581.0,529.0,7.0,138.0,113.0
38,2018,1,19,Z4IiOQ1ytEY,16581.0,529.0,7.0,138.0,113.0
40,2018,1,20,Z4IiOQ1ytEY,16581.0,529.0,7.0,138.0,113.0
55,2018,1,21,7cwAgRJPBxA,21942.0,370.0,6.0,69.0,98.0
47,2018,1,22,7cwAgRJPBxA,21942.0,370.0,6.0,69.0,98.0
57,2018,1,23,7cwAgRJPBxA,21942.0,370.0,6.0,69.0,98.0
34,2018,1,24,7cwAgRJPBxA,21942.0,370.0,6.0,69.0,98.0
58,2018,1,25,7cwAgRJPBxA,21942.0,370.0,6.0,69.0,98.0
51,2018,1,26,7cwAgRJPBxA,21942.0,370.0,6.0,69.0,98.0
46,2018,1,27,7cwAgRJPBxA,21942.0,370.0,6.0,69.0,98.0
79,2018,1,28,7cwAgRJPBxA,21942.0,370.0,6.0,69.0,98.0
49,2018,1,29,7cwAgRJPBxA,21942.0,370.0,6.0,69.0,98.0
121,2018,1,30,7cwAgRJPBxA,21942.0,370.0,6.0,69.0,98.0
66,2018,1,31,7cwAgRJPBxA,21942.0,370.0,6.0,69.0,98.0
32,2018,2,1,7cwAgRJPBxA,21942.0,370.0,6.0,69.0,98.0
41,2018,2,2,7cwAgRJPBxA,21942.0,370.0,6.0,69.0,98.0
43,2018,2,3,7cwAgRJPBxA,21942.0,370.0,6.0,69.0,98.0
47,2018,2,4,7cwAgRJPBxA,21942.0,370.0,6.0,69.0,98.0
137,2018,2,5,M64iBw-VA5o,16700.0,377.0,10.0,69.0,61.0
113,2018,2,6,M64iBw-VA5o,16700.0,377.0,10.0,69.0,61.0
74,2018,2,7,M64iBw-VA5o,16700.0,377.0,10.0,69.0,61.0
81,2018,2,8,VkLmpWRA2mg,30385.0,801.0,11.0,94.0,129.0
85,2018,2,9,VkLmpWRA2mg,30385.0,801.0,11.0,94.0,129.0
62,2018,2,10,VkLmpWRA2mg,30385.0,801.0,11.0,94.0,129.0
78,2018,2,11,VkLmpWRA2mg,30385.0,801.0,11.0,94.0,129.0
67,2018,2,12,VkLmpWRA2mg,30385.0,801.0,11.0,94.0,129.0
44,2018,2,13,VkLmpWRA2mg,30385.0,801.0,11.0,94.0,129.0
447,2018,2,14,VkLmpWRA2mg,30385.0,801.0,11.0,94.0,129.0
158,2018,2,15,VkLmpWRA2mg,30385.0,801.0,11.0,94.0,129.0
214,2018,2,16,VkLmpWRA2mg,30385.0,801.0,11.0,94.0,129.0
69,2018,2,17,VkLmpWRA2mg,30385.0,801.0,11.0,94.0,129.0
49,2018,2,18,VkLmpWRA2mg,30385.0,801.0,11.0,94.0,129.0
50,2018,2,19,VkLmpWRA2mg,30385.0,801.0,11.0,94.0,129.0
40,2018,2,20,VkLmpWRA2mg,30385.0,801.0,11.0,94.0,129.0
54,2018,2,21,VkLmpWRA2mg,30385.0,801.0,11.0,94.0,129.0
306,2018,2,22,VkLmpWRA2mg,30385.0,801.0,11.0,94.0,129.0
258,2018,2,23,VkLmpWRA2mg,30385.0,801.0,11.0,94.0,129.0
228,2018,2,24,VkLmpWRA2mg,30385.0,801.0,11.0,94.0,129.0
60,2018,2,25,VkLmpWRA2mg,30385.0,801.0,11.0,94.0,129.0
59,2018,2,26,VkLmpWRA2mg,30385.0,801.0,11.0,94.0,129.0
61,2018,2,27,VkLmpWRA2mg,30385.0,801.0,11.0,94.0,129.0
59,2018,2,28,VkLmpWRA2mg,30385.0,801.0,11.0,94.0,129.0
217,2018,3,1,VkLmpWRA2mg,30385.0,801.0,11.0,94.0,129.0
123,2018,3,2,tn8EiIocUI4,8515.0,244.0,8.0,41.0,21.0
68,2018,3,3,tn8EiIocUI4,8515.0,244.0,8.0,41.0,21.0
75,2018,3,4,1W0dPu1gjnA,34481.0,635.0,15.0,65.0,148.0
67,2018,3,5,1W0dPu1gjnA,34481.0,635.0,15.0,65.0,148.0
44,2018,3,6,1W0dPu1gjnA,34481.0,635.0,15.0,65.0,148.0
55,2018,3,7,1W0dPu1gjnA,34481.0,635.0,15.0,65.0,148.0
205,2018,3,8,qQ--JPr1JyA,2184516.0,15475.0,1185.0,896.0,10140.0
194,2018,3,9,qQ--JPr1JyA,2184516.0,15475.0,1185.0,896.0,10140.0
169,2018,3,10,qQ--JPr1JyA,2184516.0,15475.0,1185.0,896.0,10140.0
301,2018,3,11,8X1QKE4w8uA,15854.0,310.0,13.0,91.0,128.0
182,2018,3,12,8X1QKE4w8uA,15854.0,310.0,13.0,91.0,128.0
99,2018,3,13,8X1QKE4w8uA,15854.0,310.0,13.0,91.0,128.0
79,2018,3,14,8X1QKE4w8uA,15854.0,310.0,13.0,91.0,128.0
213,2018,3,15,8X1QKE4w8uA,15854.0,310.0,13.0,91.0,128.0
155,2018,3,16,8X1QKE4w8uA,15854.0,310.0,13.0,91.0,128.0
76,2018,3,17,8X1QKE4w8uA,15854.0,310.0,13.0,91.0,128.0
82,2018,3,18,8X1QKE4w8uA,15854.0,310.0,13.0,91.0,128.0
302,2018,3,19,G2i9r2OtGoQ,26409.0,557.0,19.0,101.0,139.0
167,2018,3,20,G2i9r2OtGoQ,26409.0,557.0,19.0,101.0,139.0
103,2018,3,21,G2i9r2OtGoQ,26409.0,557.0,19.0,101.0,139.0
118,2018,3,22,G2i9r2OtGoQ,26409.0,557.0,19.0,101.0,139.0
100,2018,3,23,G2i9r2OtGoQ,26409.0,557.0,19.0,101.0,139.0
75,2018,3,24,G2i9r2OtGoQ,26409.0,557.0,19.0,101.0,139.0
78,2018,3,25,G2i9r2OtGoQ,26409.0,557.0,19.0,101.0,139.0
122,2018,3,26,G2i9r2OtGoQ,26409.0,557.0,19.0,101.0,139.0
242,2018,3,27,G2i9r2OtGoQ,26409.0,557.0,19.0,101.0,139.0
95,2018,3,28,G2i9r2OtGoQ,26409.0,557.0,19.0,101.0,139.0
134,2018,3,29,o1J0vl9HliI,21508.0,452.0,8.0,43.0,55.0
152,2018,3,30,9vN9rRg3aBk,8517.0,293.0,6.0,53.0,30.0
223,2018,3,31,9vN9rRg3aBk,8517.0,293.0,6.0,53.0,30.0
206,2018,4,1,dOa5VrHQz8g,7698.0,173.0,2.0,31.0,22.0
279,2018,4,2,STdQCfiYixs,6937.0,191.0,5.0,43.0,26.0
155,2018,4,3,STdQCfiYixs,6937.0,191.0,5.0,43.0,26.0
147,2018,4,4,bebeP6X_htQ,5165.0,209.0,5.0,52.0,18.0
116,2018,4,5,bebeP6X_htQ,5165.0,209.0,5.0,52.0,18.0
97,2018,4,6,bebeP6X_htQ,5165.0,209.0,5.0,52.0,18.0
94,2018,4,7,bebeP6X_htQ,5165.0,209.0,5.0,52.0,18.0
125,2018,4,8,bebeP6X_htQ,5165.0,209.0,5.0,52.0,18.0
91,2018,4,9,bebeP6X_htQ,5165.0,209.0,5.0,52.0,18.0
313,2018,4,10,sVl7n-isfjw,4094.0,141.0,3.0,46.0,53.0
313,2018,4,10,IPc9L3lJ6Ns,29154.0,372.0,5.0,39.0,84.0
264,2018,4,11,IPc9L3lJ6Ns,29154.0,372.0,5.0,39.0,84.0
152,2018,4,12,IPc9L3lJ6Ns,29154.0,372.0,5.0,39.0,84.0
117,2018,4,13,IPc9L3lJ6Ns,29154.0,372.0,5.0,39.0,84.0
119,2018,4,14,IPc9L3lJ6Ns,29154.0,372.0,5.0,39.0,84.0
214,2018,4,15,GaHe7jIzqy4,10511.0,275.0,10.0,46.0,117.0
357,2018,4,16,GaHe7jIzqy4,10511.0,275.0,10.0,46.0,117.0
149,2018,4,17,GaHe7jIzqy4,10511.0,275.0,10.0,46.0,117.0
99,2018,4,18,HagHAcE3VWc,2611.0,98.0,3.0,20.0,5.0
129,2018,4,19,HagHAcE3VWc,2611.0,98.0,3.0,20.0,5.0
206,2018,4,20,HagHAcE3VWc,2611.0,98.0,3.0,20.0,5.0
141,2018,4,21,HagHAcE3VWc,2611.0,98.0,3.0,20.0,5.0
89,2018,4,22,HagHAcE3VWc,2611.0,98.0,3.0,20.0,5.0
137,2018,4,23,HagHAcE3VWc,2611.0,98.0,3.0,20.0,5.0
93,2018,4,24,HagHAcE3VWc,2611.0,98.0,3.0,20.0,5.0
89,2018,4,25,HagHAcE3VWc,2611.0,98.0,3.0,20.0,5.0
84,2018,4,26,HagHAcE3VWc,2611.0,98.0,3.0,20.0,5.0
100,2018,4,27,HagHAcE3VWc,2611.0,98.0,3.0,20.0,5.0
102,2018,4,28,HagHAcE3VWc,2611.0,98.0,3.0,20.0,5.0
154,2018,4,29,HagHAcE3VWc,2611.0,98.0,3.0,20.0,5.0
286,2018,4,30,2NhZyfcsKks,10513.0,314.0,6.0,47.0,39.0
220,2018,5,1,QwzhM8mSLto,15226.0,233.0,11.0,36.0,87.0
146,2018,5,2,QwzhM8mSLto,15226.0,233.0,11.0,36.0,87.0
75,2018,5,3,QwzhM8mSLto,15226.0,233.0,11.0,36.0,87.0
82,2018,5,4,QwzhM8mSLto,15226.0,233.0,11.0,36.0,87.0
47,2018,5,5,QwzhM8mSLto,15226.0,233.0,11.0,36.0,87.0
253,2018,5,6,QwzhM8mSLto,15226.0,233.0,11.0,36.0,87.0
224,2018,5,7,igR_UzaUlHw,29027.0,281.0,18.0,27.0,22.0
145,2018,5,8,igR_UzaUlHw,29027.0,281.0,18.0,27.0,22.0
72,2018,5,9,igR_UzaUlHw,29027.0,281.0,18.0,27.0,22.0
87,2018,5,10,igR_UzaUlHw,29027.0,281.0,18.0,27.0,22.0
59,2018,5,11,igR_UzaUlHw,29027.0,281.0,18.0,27.0,22.0
60,2018,5,12,igR_UzaUlHw,29027.0,281.0,18.0,27.0,22.0
95,2018,5,13,igR_UzaUlHw,29027.0,281.0,18.0,27.0,22.0
73,2018,5,14,igR_UzaUlHw,29027.0,281.0,18.0,27.0,22.0
510,2018,5,15,tDcVcslUnx8,15031.0,311.0,14.0,59.0,158.0
281,2018,5,16,tDcVcslUnx8,15031.0,311.0,14.0,59.0,158.0
180,2018,5,17,tDcVcslUnx8,15031.0,311.0,14.0,59.0,158.0
127,2018,5,18,tDcVcslUnx8,15031.0,311.0,14.0,59.0,158.0
104,2018,5,19,tDcVcslUnx8,15031.0,311.0,14.0,59.0,158.0
147,2018,5,20,ts96R_waqFY,32476.0,364.0,18.0,33.0,86.0
105,2018,5,21,nUS5P-oTUc4,2221.0,69.0,2.0,17.0,12.0
121,2018,5,22,nUS5P-oTUc4,2221.0,69.0,2.0,17.0,12.0
154,2018,5,23,JI3b-zXf7Ds,515615.0,3336.0,249.0,176.0,1094.0
219,2018,5,24,JI3b-zXf7Ds,515615.0,3336.0,249.0,176.0,1094.0
158,2018,5,25,JI3b-zXf7Ds,515615.0,3336.0,249.0,176.0,1094.0
114,2018,5,26,JI3b-zXf7Ds,515615.0,3336.0,249.0,176.0,1094.0
144,2018,5,27,JI3b-zXf7Ds,515615.0,3336.0,249.0,176.0,1094.0
144,2018,5,28,JI3b-zXf7Ds,515615.0,3336.0,249.0,176.0,1094.0
121,2018,5,29,JI3b-zXf7Ds,515615.0,3336.0,249.0,176.0,1094.0
116,2018,5,30,JI3b-zXf7Ds,515615.0,3336.0,249.0,176.0,1094.0
220,2018,5,31,0-ZCc21ot_M,33432.0,796.0,33.0,135.0,212.0
295,2018,6,1,0-ZCc21ot_M,33432.0,796.0,33.0,135.0,212.0
247,2018,6,2,0-ZCc21ot_M,33432.0,796.0,33.0,135.0,212.0
177,2018,6,3,0-ZCc21ot_M,33432.0,796.0,33.0,135.0,212.0
238,2018,6,4,0-ZCc21ot_M,33432.0,796.0,33.0,135.0,212.0
58,2018,6,5,0-ZCc21ot_M,33432.0,796.0,33.0,135.0,212.0
20,2018,6,6,0-ZCc21ot_M,33432.0,796.0,33.0,135.0,212.0
238,2018,6,7,8FFx36VPoFA,7828.0,205.0,5.0,42.0,43.0
128,2018,6,8,8FFx36VPoFA,7828.0,205.0,5.0,42.0,43.0
137,2018,6,9,8FFx36VPoFA,7828.0,205.0,5.0,42.0,43.0
90,2018,6,10,8FFx36VPoFA,7828.0,205.0,5.0,42.0,43.0
258,2018,6,11,JlTSUfyd7rI,6898.0,173.0,11.0,44.0,57.0
203,2018,6,12,JlTSUfyd7rI,6898.0,173.0,11.0,44.0,57.0
279,2018,6,13,JlTSUfyd7rI,6898.0,173.0,11.0,44.0,57.0
127,2018,6,14,JlTSUfyd7rI,6898.0,173.0,11.0,44.0,57.0
87,2018,6,15,JlTSUfyd7rI,6898.0,173.0,11.0,44.0,57.0
29,2018,6,16,JlTSUfyd7rI,6898.0,173.0,11.0,44.0,57.0
36,2018,6,17,JlTSUfyd7rI,6898.0,173.0,11.0,44.0,57.0
105,2018,6,18,JlTSUfyd7rI,6898.0,173.0,11.0,44.0,57.0
155,2018,6,19,JlTSUfyd7rI,6898.0,173.0,11.0,44.0,57.0
160,2018,6,20,JlTSUfyd7rI,6898.0,173.0,11.0,44.0,57.0
148,2018,6,21,JlTSUfyd7rI,6898.0,173.0,11.0,44.0,57.0
219,2018,6,22,JlTSUfyd7rI,6898.0,173.0,11.0,44.0,57.0
170,2018,6,23,PwrpIzZyGsE,56803.0,745.0,40.0,87.0,157.0
189,2018,6,24,PwrpIzZyGsE,56803.0,745.0,40.0,87.0,157.0
157,2018,6,25,PwrpIzZyGsE,56803.0,745.0,40.0,87.0,157.0
146,2018,6,26,PwrpIzZyGsE,56803.0,745.0,40.0,87.0,157.0
160,2018,6,27,PwrpIzZyGsE,56803.0,745.0,40.0,87.0,157.0
173,2018,6,28,hFm7VshJZxM,8931.0,222.0,9.0,50.0,75.0
179,2018,6,29,hFm7VshJZxM,8931.0,222.0,9.0,50.0,75.0
210,2018,6,30,95ZVDLRT4II,18251.0,486.0,10.0,94.0,130.0
161,2018,7,1,95ZVDLRT4II,18251.0,486.0,10.0,94.0,130.0
145,2018,7,2,95ZVDLRT4II,18251.0,486.0,10.0,94.0,130.0
85,2018,7,3,95ZVDLRT4II,18251.0,486.0,10.0,94.0,130.0
150,2018,7,4,hqNNEUbzhwc,5524.0,165.0,5.0,47.0,37.0
163,2018,7,5,hqNNEUbzhwc,5524.0,165.0,5.0,47.0,37.0
106,2018,7,6,hqNNEUbzhwc,5524.0,165.0,5.0,47.0,37.0
107,2018,7,7,hqNNEUbzhwc,5524.0,165.0,5.0,47.0,37.0
368,2018,7,8,QpCr5APPZB4,37586.0,729.0,21.0,115.0,199.0
368,2018,7,9,QpCr5APPZB4,37586.0,729.0,21.0,115.0,199.0
252,2018,7,10,QpCr5APPZB4,37586.0,729.0,21.0,115.0,199.0
172,2018,7,11,QpCr5APPZB4,37586.0,729.0,21.0,115.0,199.0
165,2018,7,12,QpCr5APPZB4,37586.0,729.0,21.0,115.0,199.0
144,2018,7,13,QpCr5APPZB4,37586.0,729.0,21.0,115.0,199.0
130,2018,7,14,QpCr5APPZB4,37586.0,729.0,21.0,115.0,199.0
144,2018,7,15,QpCr5APPZB4,37586.0,729.0,21.0,115.0,199.0
210,2018,7,16,RNpXhdppYW8,39684.0,511.0,23.0,63.0,95.0
187,2018,7,17,RNpXhdppYW8,39684.0,511.0,23.0,63.0,95.0
191,2018,7,18,RNpXhdppYW8,39684.0,511.0,23.0,63.0,95.0
278,2018,7,19,RNpXhdppYW8,39684.0,511.0,23.0,63.0,95.0
253,2018,7,20,RNpXhdppYW8,39684.0,511.0,23.0,63.0,95.0
525,2018,7,21,u7nX6_BI2tw,19799.0,522.0,16.0,83.0,101.0
489,2018,7,22,u7nX6_BI2tw,19799.0,522.0,16.0,83.0,101.0
340,2018,7,23,u7nX6_BI2tw,19799.0,522.0,16.0,83.0,101.0
349,2018,7,24,u7nX6_BI2tw,19799.0,522.0,16.0,83.0,101.0
386,2018,7,25,u7nX6_BI2tw,19799.0,522.0,16.0,83.0,101.0
351,2018,7,26,WvcPctJj9B4,55300.0,1158.0,54.0,249.0,755.0
270,2018,7,27,qA5M_khjJRU,5337.0,152.0,9.0,27.0,8.0
261,2018,7,28,qA5M_khjJRU,5337.0,152.0,9.0,27.0,8.0
276,2018,7,29,qA5M_khjJRU,5337.0,152.0,9.0,27.0,8.0
832,2018,7,30,aq_5qRW761c,7020.0,296.0,9.0,72.0,41.0
696,2018,7,31,aq_5qRW761c,7020.0,296.0,9.0,72.0,41.0
464,2018,8,1,CHxsxNTYG8U,4836.0,146.0,4.0,21.0,18.0
389,2018,8,2,Zkb8xhWqnQ4,9081.0,237.0,7.0,81.0,93.0
336,2018,8,3,Zkb8xhWqnQ4,9081.0,237.0,7.0,81.0,93.0
680,2018,8,4,Zkb8xhWqnQ4,9081.0,237.0,7.0,81.0,93.0
363,2018,8,5,Zkb8xhWqnQ4,9081.0,237.0,7.0,81.0,93.0
313,2018,8,6,Zkb8xhWqnQ4,9081.0,237.0,7.0,81.0,93.0
416,2018,8,7,Zkb8xhWqnQ4,9081.0,237.0,7.0,81.0,93.0
378,2018,8,8,EnrFltVOF-Q,7915.0,220.0,6.0,59.0,94.0
360,2018,8,9,EnrFltVOF-Q,7915.0,220.0,6.0,59.0,94.0
332,2018,8,10,EnrFltVOF-Q,7915.0,220.0,6.0,59.0,94.0
331,2018,8,11,EnrFltVOF-Q,7915.0,220.0,6.0,59.0,94.0
414,2018,8,12,EnrFltVOF-Q,7915.0,220.0,6.0,59.0,94.0
530,2018,8,13,pwbEEn8zK1U,54598.0,910.0,18.0,132.0,180.0
610,2018,8,14,pwbEEn8zK1U,54598.0,910.0,18.0,132.0,180.0
388,2018,8,15,pwbEEn8zK1U,54598.0,910.0,18.0,132.0,180.0
399,2018,8,16,pwbEEn8zK1U,54598.0,910.0,18.0,132.0,180.0
349,2018,8,17,pwbEEn8zK1U,54598.0,910.0,18.0,132.0,180.0
321,2018,8,18,pwbEEn8zK1U,54598.0,910.0,18.0,132.0,180.0
365,2018,8,19,pwbEEn8zK1U,54598.0,910.0,18.0,132.0,180.0
450,2018,8,20,Z-u8U4_otl4,12327.0,331.0,9.0,85.0,87.0
568,2018,8,21,Z-u8U4_otl4,12327.0,331.0,9.0,85.0,87.0
419,2018,8,22,Z-u8U4_otl4,12327.0,331.0,9.0,85.0,87.0
363,2018,8,23,Z-u8U4_otl4,12327.0,331.0,9.0,85.0,87.0
375,2018,8,24,Z-u8U4_otl4,12327.0,331.0,9.0,85.0,87.0
272,2018,8,25,Z-u8U4_otl4,12327.0,331.0,9.0,85.0,87.0
384,2018,8,26,Z-u8U4_otl4,12327.0,331.0,9.0,85.0,87.0
462,2018,8,27,BFyvh2TUqvk,15493.0,270.0,20.0,75.0,141.0
427,2018,8,28,BFyvh2TUqvk,15493.0,270.0,20.0,75.0,141.0
411,2018,8,29,BFyvh2TUqvk,15493.0,270.0,20.0,75.0,141.0
330,2018,8,30,BFyvh2TUqvk,15493.0,270.0,20.0,75.0,141.0
306,2018,8,31,BFyvh2TUqvk,15493.0,270.0,20.0,75.0,141.0
273,2018,9,1,BFyvh2TUqvk,15493.0,270.0,20.0,75.0,141.0
355,2018,9,2,BFyvh2TUqvk,15493.0,270.0,20.0,75.0,141.0
346,2018,9,3,BFyvh2TUqvk,15493.0,270.0,20.0,75.0,141.0
349,2018,9,4,BFyvh2TUqvk,15493.0,270.0,20.0,75.0,141.0
384,2018,9,5,Y4MKJBQGIAw,136813.0,2163.0,84.0,215.0,444.0
193,2018,9,6,Y4MKJBQGIAw,136813.0,2163.0,84.0,215.0,444.0
368,2018,9,7,Y4MKJBQGIAw,136813.0,2163.0,84.0,215.0,444.0
376,2018,9,8,Y4MKJBQGIAw,136813.0,2163.0,84.0,215.0,444.0
548,2018,9,9,Y4MKJBQGIAw,136813.0,2163.0,84.0,215.0,444.0
465,2018,9,10,Y4MKJBQGIAw,136813.0,2163.0,84.0,215.0,444.0
448,2018,9,11,QGmYhErI9vQ,115194.0,1116.0,97.0,216.0,648.0
387,2018,9,12,QGmYhErI9vQ,115194.0,1116.0,97.0,216.0,648.0
333,2018,9,13,QGmYhErI9vQ,115194.0,1116.0,97.0,216.0,648.0
322,2018,9,14,QGmYhErI9vQ,115194.0,1116.0,97.0,216.0,648.0
326,2018,9,15,QGmYhErI9vQ,115194.0,1116.0,97.0,216.0,648.0
408,2018,9,16,QGmYhErI9vQ,115194.0,1116.0,97.0,216.0,648.0
431,2018,9,17,QGmYhErI9vQ,115194.0,1116.0,97.0,216.0,648.0
423,2018,9,18,QGmYhErI9vQ,115194.0,1116.0,97.0,216.0,648.0
326,2018,9,19,QGmYhErI9vQ,115194.0,1116.0,97.0,216.0,648.0
297,2018,9,20,QGmYhErI9vQ,115194.0,1116.0,97.0,216.0,648.0
258,2018,9,21,QGmYhErI9vQ,115194.0,1116.0,97.0,216.0,648.0
286,2018,9,22,QGmYhErI9vQ,115194.0,1116.0,97.0,216.0,648.0
519,2018,9,23,Ohaq0uJhfv4,40292.0,1008.0,21.0,141.0,165.0
538,2018,9,24,Ohaq0uJhfv4,40292.0,1008.0,21.0,141.0,165.0
385,2018,9,25,Ohaq0uJhfv4,40292.0,1008.0,21.0,141.0,165.0
384,2018,9,26,QpHF7vYiC5Y,52715.0,1176.0,24.0,149.0,241.0
373,2018,9,27,QpHF7vYiC5Y,52715.0,1176.0,24.0,149.0,241.0
317,2018,9,28,QpHF7vYiC5Y,52715.0,1176.0,24.0,149.0,241.0
316,2018,9,29,QpHF7vYiC5Y,52715.0,1176.0,24.0,149.0,241.0
625,2018,9,30,YUTFNCrdcUc,27605.0,659.0,7.0,84.0,121.0
427,2018,10,1,YUTFNCrdcUc,27605.0,659.0,7.0,84.0,121.0
379,2018,10,2,YUTFNCrdcUc,27605.0,659.0,7.0,84.0,121.0
449,2018,10,3,7dx85aZ7Xdo,141530.0,1462.0,123.0,241.0,817.0
606,2018,10,4,7dx85aZ7Xdo,141530.0,1462.0,123.0,241.0,817.0
328,2018,10,5,7dx85aZ7Xdo,141530.0,1462.0,123.0,241.0,817.0
328,2018,10,6,7dx85aZ7Xdo,141530.0,1462.0,123.0,241.0,817.0
540,2018,10,7,w-W0Kctuc-k,35234.0,1022.0,21.0,121.0,206.0
426,2018,10,8,w-W0Kctuc-k,35234.0,1022.0,21.0,121.0,206.0
381,2018,10,9,w-W0Kctuc-k,35234.0,1022.0,21.0,121.0,206.0
302,2018,10,10,w-W0Kctuc-k,35234.0,1022.0,21.0,121.0,206.0
332,2018,10,11,w-W0Kctuc-k,35234.0,1022.0,21.0,121.0,206.0
292,2018,10,12,w-W0Kctuc-k,35234.0,1022.0,21.0,121.0,206.0
278,2018,10,13,w-W0Kctuc-k,35234.0,1022.0,21.0,121.0,206.0
666,2018,10,14,w-W0Kctuc-k,35234.0,1022.0,21.0,121.0,206.0
443,2018,10,15,w-W0Kctuc-k,35234.0,1022.0,21.0,121.0,206.0
294,2018,10,16,w-W0Kctuc-k,35234.0,1022.0,21.0,121.0,206.0
310,2018,10,17,OJ_1Y6oCo4U,17433.0,521.0,7.0,83.0,128.0
291,2018,10,18,OJ_1Y6oCo4U,17433.0,521.0,7.0,83.0,128.0
246,2018,10,19,OJ_1Y6oCo4U,17433.0,521.0,7.0,83.0,128.0
270,2018,10,20,OJ_1Y6oCo4U,17433.0,521.0,7.0,83.0,128.0
658,2018,10,21,OJ_1Y6oCo4U,17433.0,521.0,7.0,83.0,128.0
611,2018,10,22,OJ_1Y6oCo4U,17433.0,521.0,7.0,83.0,128.0
512,2018,10,23,OJ_1Y6oCo4U,17433.0,521.0,7.0,83.0,128.0
490,2018,10,24,OJ_1Y6oCo4U,17433.0,521.0,7.0,83.0,128.0
417,2018,10,25,OJ_1Y6oCo4U,17433.0,521.0,7.0,83.0,128.0
351,2018,10,26,OJ_1Y6oCo4U,17433.0,521.0,7.0,83.0,128.0
336,2018,10,27,OJ_1Y6oCo4U,17433.0,521.0,7.0,83.0,128.0
456,2018,10,28,Mv5rQcQekzM,9990.0,373.0,9.0,75.0,69.0
343,2018,10,29,Mv5rQcQekzM,9990.0,373.0,9.0,75.0,69.0
364,2018,10,30,Mv5rQcQekzM,9990.0,373.0,9.0,75.0,69.0
313,2018,10,31,SmpU344Ozpo,32831.0,892.0,19.0,122.0,250.0
371,2018,11,1,AEyPT-b3JsI,28148.0,805.0,23.0,95.0,299.0
329,2018,11,2,AEyPT-b3JsI,28148.0,805.0,23.0,95.0,299.0
271,2018,11,3,AEyPT-b3JsI,28148.0,805.0,23.0,95.0,299.0
457,2018,11,4,wfeIdpimBcQ,73477.0,1668.0,76.0,183.0,186.0
462,2018,11,5,wfeIdpimBcQ,73477.0,1668.0,76.0,183.0,186.0
397,2018,11,6,wfeIdpimBcQ,73477.0,1668.0,76.0,183.0,186.0
405,2018,11,7,wfeIdpimBcQ,73477.0,1668.0,76.0,183.0,186.0
334,2018,11,8,wfeIdpimBcQ,73477.0,1668.0,76.0,183.0,186.0
271,2018,11,9,wfeIdpimBcQ,73477.0,1668.0,76.0,183.0,186.0
341,2018,11,10,wfeIdpimBcQ,73477.0,1668.0,76.0,183.0,186.0
468,2018,11,11,185O2XH9JOY,167608.0,2501.0,86.0,231.0,919.0
370,2018,11,12,185O2XH9JOY,167608.0,2501.0,86.0,231.0,919.0
310,2018,11,13,185O2XH9JOY,167608.0,2501.0,86.0,231.0,919.0
494,2018,11,14,185O2XH9JOY,167608.0,2501.0,86.0,231.0,919.0
348,2018,11,15,185O2XH9JOY,167608.0,2501.0,86.0,231.0,919.0
349,2018,11,16,185O2XH9JOY,167608.0,2501.0,86.0,231.0,919.0
495,2018,11,17,5X_sk_1hmC8,71749.0,1596.0,49.0,146.0,239.0
502,2018,11,18,5X_sk_1hmC8,71749.0,1596.0,49.0,146.0,239.0
765,2018,11,19,5X_sk_1hmC8,71749.0,1596.0,49.0,146.0,239.0
1101,2018,11,20,5X_sk_1hmC8,71749.0,1596.0,49.0,146.0,239.0
949,2018,11,21,5X_sk_1hmC8,71749.0,1596.0,49.0,146.0,239.0
925,2018,11,22,0WS-_olBHek,14787.0,493.0,10.0,93.0,103.0
1557,2018,11,23,0WS-_olBHek,14787.0,493.0,10.0,93.0,103.0
776,2018,11,24,0WS-_olBHek,14787.0,493.0,10.0,93.0,103.0
670,2018,11,25,oXY2fV_B1Ac,46939.0,1317.0,32.0,123.0,134.0
1121,2018,11,26,oXY2fV_B1Ac,46939.0,1317.0,32.0,123.0,134.0
530,2018,11,27,oXY2fV_B1Ac,46939.0,1317.0,32.0,123.0,134.0
409,2018,11,28,oXY2fV_B1Ac,46939.0,1317.0,32.0,123.0,134.0
339,2018,11,29,oXY2fV_B1Ac,46939.0,1317.0,32.0,123.0,134.0
613,2018,11,30,oXY2fV_B1Ac,46939.0,1317.0,32.0,123.0,134.0
332,2018,12,1,xxfcC177DI4,31301.0,1289.0,30.0,95.0,219.0
775,2018,12,2,tiy_ccjdyJI,25630.0,885.0,17.0,94.0,113.0
646,2018,12,3,tiy_ccjdyJI,25630.0,885.0,17.0,94.0,113.0
427,2018,12,4,tiy_ccjdyJI,25630.0,885.0,17.0,94.0,113.0
410,2018,12,5,tiy_ccjdyJI,25630.0,885.0,17.0,94.0,113.0
747,2018,12,6,tiy_ccjdyJI,25630.0,885.0,17.0,94.0,113.0
412,2018,12,7,tiy_ccjdyJI,25630.0,885.0,17.0,94.0,113.0
530,2018,12,8,OOaPSYTl4O8,135259.0,2520.0,68.0,272.0,510.0
702,2018,12,9,OOaPSYTl4O8,135259.0,2520.0,68.0,272.0,510.0
437,2018,12,10,OOaPSYTl4O8,135259.0,2520.0,68.0,272.0,510.0
407,2018,12,11,OOaPSYTl4O8,135259.0,2520.0,68.0,272.0,510.0
372,2018,12,12,OOaPSYTl4O8,135259.0,2520.0,68.0,272.0,510.0
419,2018,12,13,OOaPSYTl4O8,135259.0,2520.0,68.0,272.0,510.0
346,2018,12,14,OOaPSYTl4O8,135259.0,2520.0,68.0,272.0,510.0
393,2018,12,15,OOaPSYTl4O8,135259.0,2520.0,68.0,272.0,510.0
913,2018,12,16,OOaPSYTl4O8,135259.0,2520.0,68.0,272.0,510.0
503,2018,12,17,DgFPjU6ZzT4,87822.0,1623.0,44.0,161.0,368.0
703,2018,12,18,DgFPjU6ZzT4,87822.0,1623.0,44.0,161.0,368.0
637,2018,12,19,DgFPjU6ZzT4,87822.0,1623.0,44.0,161.0,368.0
482,2018,12,20,DgFPjU6ZzT4,87822.0,1623.0,44.0,161.0,368.0
406,2018,12,21,DgFPjU6ZzT4,87822.0,1623.0,44.0,161.0,368.0
354,2018,12,22,DgFPjU6ZzT4,87822.0,1623.0,44.0,161.0,368.0
438,2018,12,23,2lxvq3O7h-o,45058.0,1223.0,27.0,143.0,263.0
596,2018,12,24,E-jeUnTg3Es,35517.0,1143.0,36.0,116.0,232.0
1075,2018,12,25,E-jeUnTg3Es,35517.0,1143.0,36.0,116.0,232.0
1525,2018,12,26,E-jeUnTg3Es,35517.0,1143.0,36.0,116.0,232.0
975,2018,12,27,E-jeUnTg3Es,35517.0,1143.0,36.0,116.0,232.0
899,2018,12,28,YEKcp8sKsQY,28604.0,1105.0,55.0,135.0,290.0
557,2018,12,29,YEKcp8sKsQY,28604.0,1105.0,55.0,135.0,290.0
520,2018,12,30,YEKcp8sKsQY,28604.0,1105.0,55.0,135.0,290.0
414,2018,12,31,YEKcp8sKsQY,28604.0,1105.0,55.0,135.0,290.0
452,2019,1,1,YEKcp8sKsQY,28604.0,1105.0,55.0,135.0,290.0
509,2019,1,2,YEKcp8sKsQY,28604.0,1105.0,55.0,135.0,290.0
468,2019,1,3,bopN0IDT6_8,195871.0,4052.0,169.0,341.0,775.0
468,2019,1,4,bopN0IDT6_8,195871.0,4052.0,169.0,341.0,775.0
520,2019,1,5,bopN0IDT6_8,195871.0,4052.0,169.0,341.0,775.0
572,2019,1,6,W7Brz-BxvYI,131652.0,2705.0,113.0,191.0,547.0
475,2019,1,7,W7Brz-BxvYI,131652.0,2705.0,113.0,191.0,547.0
525,2019,1,8,W7Brz-BxvYI,131652.0,2705.0,113.0,191.0,547.0
376,2019,1,9,W7Brz-BxvYI,131652.0,2705.0,113.0,191.0,547.0
396,2019,1,10,W7Brz-BxvYI,131652.0,2705.0,113.0,191.0,547.0
355,2019,1,11,W7Brz-BxvYI,131652.0,2705.0,113.0,191.0,547.0
391,2019,1,12,W7Brz-BxvYI,131652.0,2705.0,113.0,191.0,547.0
475,2019,1,13,W7Brz-BxvYI,131652.0,2705.0,113.0,191.0,547.0
352,2019,1,14,W7Brz-BxvYI,131652.0,2705.0,113.0,191.0,547.0
316,2019,1,15,W7Brz-BxvYI,131652.0,2705.0,113.0,191.0,547.0
339,2019,1,16,W7Brz-BxvYI,131652.0,2705.0,113.0,191.0,547.0
273,2019,1,17,W7Brz-BxvYI,131652.0,2705.0,113.0,191.0,547.0
272,2019,1,18,W7Brz-BxvYI,131652.0,2705.0,113.0,191.0,547.0
343,2019,1,19,tfrcUqbm3mQ,35174.0,881.0,20.0,108.0,129.0
569,2019,1,20,tfrcUqbm3mQ,35174.0,881.0,20.0,108.0,129.0
317,2019,1,21,tfrcUqbm3mQ,35174.0,881.0,20.0,108.0,129.0
276,2019,1,22,tfrcUqbm3mQ,35174.0,881.0,20.0,108.0,129.0
298,2019,1,23,tfrcUqbm3mQ,35174.0,881.0,20.0,108.0,129.0
294,2019,1,24,tfrcUqbm3mQ,35174.0,881.0,20.0,108.0,129.0
245,2019,1,25,tfrcUqbm3mQ,35174.0,881.0,20.0,108.0,129.0
270,2019,1,26,tfrcUqbm3mQ,35174.0,881.0,20.0,108.0,129.0
368,2019,1,27,tfrcUqbm3mQ,35174.0,881.0,20.0,108.0,129.0
303,2019,1,28,tfrcUqbm3mQ,35174.0,881.0,20.0,108.0,129.0
259,2019,1,29,tfrcUqbm3mQ,35174.0,881.0,20.0,108.0,129.0
341,2019,1,30,7HfHCeuj6fs,99135.0,1901.0,73.0,138.0,390.0
468,2019,1,31,7HfHCeuj6fs,99135.0,1901.0,73.0,138.0,390.0
348,2019,2,1,7HfHCeuj6fs,99135.0,1901.0,73.0,138.0,390.0
375,2019,2,2,7HfHCeuj6fs,99135.0,1901.0,73.0,138.0,390.0
508,2019,2,3,eYG8v9dz7Xg,129162.0,2610.0,74.0,254.0,352.0
414,2019,2,4,eYG8v9dz7Xg,129162.0,2610.0,74.0,254.0,352.0
394,2019,2,5,eYG8v9dz7Xg,129162.0,2610.0,74.0,254.0,352.0
319,2019,2,6,eYG8v9dz7Xg,129162.0,2610.0,74.0,254.0,352.0
307,2019,2,7,eYG8v9dz7Xg,129162.0,2610.0,74.0,254.0,352.0
265,2019,2,8,eYG8v9dz7Xg,129162.0,2610.0,74.0,254.0,352.0
298,2019,2,9,eYG8v9dz7Xg,129162.0,2610.0,74.0,254.0,352.0
365,2019,2,10,eYG8v9dz7Xg,129162.0,2610.0,74.0,254.0,352.0
319,2019,2,11,eYG8v9dz7Xg,129162.0,2610.0,74.0,254.0,352.0
279,2019,2,12,eYG8v9dz7Xg,129162.0,2610.0,74.0,254.0,352.0
273,2019,2,13,eYG8v9dz7Xg,129162.0,2610.0,74.0,254.0,352.0
256,2019,2,14,nOCbMAGBRvI,28766.0,532.0,24.0,76.0,167.0
233,2019,2,15,nOCbMAGBRvI,28766.0,532.0,24.0,76.0,167.0
270,2019,2,16,nOCbMAGBRvI,28766.0,532.0,24.0,76.0,167.0
267,2019,2,17,nOCbMAGBRvI,28766.0,532.0,24.0,76.0,167.0
170,2019,2,18,nOCbMAGBRvI,28766.0,532.0,24.0,76.0,167.0
284,2019,2,19,nOCbMAGBRvI,28766.0,532.0,24.0,76.0,167.0
265,2019,2,20,nOCbMAGBRvI,28766.0,532.0,24.0,76.0,167.0
239,2019,2,21,nOCbMAGBRvI,28766.0,532.0,24.0,76.0,167.0
206,2019,2,22,nOCbMAGBRvI,28766.0,532.0,24.0,76.0,167.0
201,2019,2,23,nOCbMAGBRvI,28766.0,532.0,24.0,76.0,167.0
234,2019,2,24,nOCbMAGBRvI,28766.0,532.0,24.0,76.0,167.0
232,2019,2,25,nOCbMAGBRvI,28766.0,532.0,24.0,76.0,167.0
215,2019,2,26,nOCbMAGBRvI,28766.0,532.0,24.0,76.0,167.0
308,2019,2,27,1MFX0fYZquI,42387.0,702.0,37.0,66.0,47.0
677,2019,2,28,1MFX0fYZquI,42387.0,702.0,37.0,66.0,47.0
240,2019,3,1,1MFX0fYZquI,42387.0,702.0,37.0,66.0,47.0
304,2019,3,2,1MFX0fYZquI,42387.0,702.0,37.0,66.0,47.0
312,2019,3,3,1MFX0fYZquI,42387.0,702.0,37.0,66.0,47.0
252,2019,3,4,1MFX0fYZquI,42387.0,702.0,37.0,66.0,47.0
336,2019,3,5,_wE3qHo7QgI,38109.0,1205.0,25.0,94.0,223.0
302,2019,3,6,_wE3qHo7QgI,38109.0,1205.0,25.0,94.0,223.0
246,2019,3,7,_wE3qHo7QgI,38109.0,1205.0,25.0,94.0,223.0
199,2019,3,8,_wE3qHo7QgI,38109.0,1205.0,25.0,94.0,223.0
231,2019,3,9,_wE3qHo7QgI,38109.0,1205.0,25.0,94.0,223.0
284,2019,3,10,_wE3qHo7QgI,38109.0,1205.0,25.0,94.0,223.0
266,2019,3,11,_wE3qHo7QgI,38109.0,1205.0,25.0,94.0,223.0
316,2019,3,12,rdhWL2WD-4Q,20669.0,959.0,16.0,89.0,116.0
299,2019,3,13,rdhWL2WD-4Q,20669.0,959.0,16.0,89.0,116.0
226,2019,3,14,rdhWL2WD-4Q,20669.0,959.0,16.0,89.0,116.0
226,2019,3,15,1naEPL_0xf4,29539.0,653.0,27.0,114.0,220.0
238,2019,3,16,1naEPL_0xf4,29539.0,653.0,27.0,114.0,220.0
259,2019,3,17,1naEPL_0xf4,29539.0,653.0,27.0,114.0,220.0
190,2019,3,18,1naEPL_0xf4,29539.0,653.0,27.0,114.0,220.0
220,2019,3,19,1naEPL_0xf4,29539.0,653.0,27.0,114.0,220.0
193,2019,3,20,1naEPL_0xf4,29539.0,653.0,27.0,114.0,220.0
198,2019,3,21,wsubri1ow_c,9517.0,281.0,12.0,44.0,48.0
176,2019,3,22,wsubri1ow_c,9517.0,281.0,12.0,44.0,48.0
197,2019,3,23,wsubri1ow_c,9517.0,281.0,12.0,44.0,48.0
245,2019,3,24,TcvGrs3auWY,35384.0,1293.0,39.0,65.0,129.0
191,2019,3,25,TcvGrs3auWY,35384.0,1293.0,39.0,65.0,129.0
217,2019,3,26,TcvGrs3auWY,35384.0,1293.0,39.0,65.0,129.0
171,2019,3,27,TcvGrs3auWY,35384.0,1293.0,39.0,65.0,129.0
198,2019,3,28,875NpMnevak,36501.0,644.0,18.0,76.0,175.0
150,2019,3,29,875NpMnevak,36501.0,644.0,18.0,76.0,175.0
175,2019,3,30,875NpMnevak,36501.0,644.0,18.0,76.0,175.0
173,2019,3,31,VwpvlYvl7kk,46936.0,884.0,27.0,119.0,158.0
211,2019,4,1,VwpvlYvl7kk,46936.0,884.0,27.0,119.0,158.0
209,2019,4,2,VwpvlYvl7kk,46936.0,884.0,27.0,119.0,158.0
219,2019,4,3,VwpvlYvl7kk,46936.0,884.0,27.0,119.0,158.0
369,2019,4,4,VwpvlYvl7kk,46936.0,884.0,27.0,119.0,158.0
174,2019,4,5,VwpvlYvl7kk,46936.0,884.0,27.0,119.0,158.0
196,2019,4,6,VwpvlYvl7kk,46936.0,884.0,27.0,119.0,158.0
242,2019,4,7,Sll-eAI99og,27567.0,682.0,27.0,117.0,219.0
186,2019,4,8,Sll-eAI99og,27567.0,682.0,27.0,117.0,219.0
193,2019,4,9,Sll-eAI99og,27567.0,682.0,27.0,117.0,219.0
155,2019,4,10,Sll-eAI99og,27567.0,682.0,27.0,117.0,219.0
166,2019,4,11,Sll-eAI99og,27567.0,682.0,27.0,117.0,219.0
146,2019,4,12,Sll-eAI99og,27567.0,682.0,27.0,117.0,219.0
169,2019,4,13,Sll-eAI99og,27567.0,682.0,27.0,117.0,219.0
186,2019,4,14,Sll-eAI99og,27567.0,682.0,27.0,117.0,219.0
198,2019,4,15,D7xiUDg3eTI,15809.0,438.0,15.0,80.0,151.0
243,2019,4,16,D7xiUDg3eTI,15809.0,438.0,15.0,80.0,151.0
277,2019,4,17,D7xiUDg3eTI,15809.0,438.0,15.0,80.0,151.0
278,2019,4,18,_H8PA7ydStc,10486.0,308.0,7.0,38.0,54.0
366,2019,4,19,_H8PA7ydStc,10486.0,308.0,7.0,38.0,54.0
271,2019,4,20,_H8PA7ydStc,10486.0,308.0,7.0,38.0,54.0
235,2019,4,21,_H8PA7ydStc,10486.0,308.0,7.0,38.0,54.0
212,2019,4,22,_H8PA7ydStc,10486.0,308.0,7.0,38.0,54.0
178,2019,4,23,_H8PA7ydStc,10486.0,308.0,7.0,38.0,54.0
229,2019,4,24,Y-54MhbXVoE,23022.0,526.0,15.0,76.0,81.0
185,2019,4,25,Y-54MhbXVoE,23022.0,526.0,15.0,76.0,81.0
142,2019,4,26,Y-54MhbXVoE,23022.0,526.0,15.0,76.0,81.0
213,2019,4,27,Y-54MhbXVoE,23022.0,526.0,15.0,76.0,81.0
208,2019,4,28,Y-54MhbXVoE,23022.0,526.0,15.0,76.0,81.0
146,2019,4,29,Y-54MhbXVoE,23022.0,526.0,15.0,76.0,81.0
173,2019,4,30,Y-54MhbXVoE,23022.0,526.0,15.0,76.0,81.0
150,2019,5,1,Y-54MhbXVoE,23022.0,526.0,15.0,76.0,81.0
153,2019,5,2,Y-54MhbXVoE,23022.0,526.0,15.0,76.0,81.0
160,2019,5,3,Y-54MhbXVoE,23022.0,526.0,15.0,76.0,81.0
201,2019,5,4,Y-54MhbXVoE,23022.0,526.0,15.0,76.0,81.0
176,2019,5,5,Y-54MhbXVoE,23022.0,526.0,15.0,76.0,81.0
181,2019,5,6,Y-54MhbXVoE,23022.0,526.0,15.0,76.0,81.0
140,2019,5,7,Y-54MhbXVoE,23022.0,526.0,15.0,76.0,81.0
171,2019,5,8,Y-54MhbXVoE,23022.0,526.0,15.0,76.0,81.0
148,2019,5,9,Y-54MhbXVoE,23022.0,526.0,15.0,76.0,81.0
160,2019,5,10,Y-54MhbXVoE,23022.0,526.0,15.0,76.0,81.0
150,2019,5,11,Y-54MhbXVoE,23022.0,526.0,15.0,76.0,81.0
184,2019,5,12,1HeoVdevH4U,35335.0,632.0,31.0,67.0,200.0
176,2019,5,13,1HeoVdevH4U,35335.0,632.0,31.0,67.0,200.0
129,2019,5,14,1HeoVdevH4U,35335.0,632.0,31.0,67.0,200.0
152,2019,5,15,1HeoVdevH4U,35335.0,632.0,31.0,67.0,200.0
190,2019,5,16,1HeoVdevH4U,35335.0,632.0,31.0,67.0,200.0
127,2019,5,17,1HeoVdevH4U,35335.0,632.0,31.0,67.0,200.0
187,2019,5,18,1HeoVdevH4U,35335.0,632.0,31.0,67.0,200.0
205,2019,5,19,1HeoVdevH4U,35335.0,632.0,31.0,67.0,200.0
216,2019,5,20,XUWQsiaGpvM,24392.0,554.0,9.0,67.0,92.0
199,2019,5,21,XUWQsiaGpvM,24392.0,554.0,9.0,67.0,92.0
223,2019,5,22,XUWQsiaGpvM,24392.0,554.0,9.0,67.0,92.0
256,2019,5,23,MuFcQptJaaM,43790.0,672.0,17.0,103.0,239.0
232,2019,5,24,MuFcQptJaaM,43790.0,672.0,17.0,103.0,239.0
191,2019,5,25,MuFcQptJaaM,43790.0,672.0,17.0,103.0,239.0
229,2019,5,26,MuFcQptJaaM,43790.0,672.0,17.0,103.0,239.0
234,2019,5,27,MuFcQptJaaM,43790.0,672.0,17.0,103.0,239.0
242,2019,5,28,MuFcQptJaaM,43790.0,672.0,17.0,103.0,239.0
253,2019,5,29,MuFcQptJaaM,43790.0,672.0,17.0,103.0,239.0
238,2019,5,30,MuFcQptJaaM,43790.0,672.0,17.0,103.0,239.0
234,2019,5,31,MuFcQptJaaM,43790.0,672.0,17.0,103.0,239.0
158,2019,6,1,MuFcQptJaaM,43790.0,672.0,17.0,103.0,239.0
171,2019,6,2,MuFcQptJaaM,43790.0,672.0,17.0,103.0,239.0
157,2019,6,3,MuFcQptJaaM,43790.0,672.0,17.0,103.0,239.0
197,2019,6,4,MuFcQptJaaM,43790.0,672.0,17.0,103.0,239.0
163,2019,6,5,MuFcQptJaaM,43790.0,672.0,17.0,103.0,239.0
166,2019,6,6,t-xZRZx63sw,79243.0,2076.0,41.0,178.0,300.0
152,2019,6,7,t-xZRZx63sw,79243.0,2076.0,41.0,178.0,300.0
157,2019,6,8,t-xZRZx63sw,79243.0,2076.0,41.0,178.0,300.0
212,2019,6,9,8SCxvAlxP7s,12023.0,598.0,16.0,52.0,43.0
183,2019,6,10,8SCxvAlxP7s,12023.0,598.0,16.0,52.0,43.0
173,2019,6,11,8SCxvAlxP7s,12023.0,598.0,16.0,52.0,43.0
192,2019,6,12,8SCxvAlxP7s,12023.0,598.0,16.0,52.0,43.0
177,2019,6,13,8SCxvAlxP7s,12023.0,598.0,16.0,52.0,43.0
358,2019,6,14,8SCxvAlxP7s,12023.0,598.0,16.0,52.0,43.0
216,2019,6,15,8SCxvAlxP7s,12023.0,598.0,16.0,52.0,43.0
198,2019,6,16,8SCxvAlxP7s,12023.0,598.0,16.0,52.0,43.0
181,2019,6,17,8SCxvAlxP7s,12023.0,598.0,16.0,52.0,43.0
180,2019,6,18,8SCxvAlxP7s,12023.0,598.0,16.0,52.0,43.0
178,2019,6,19,8SCxvAlxP7s,12023.0,598.0,16.0,52.0,43.0
184,2019,6,20,8SCxvAlxP7s,12023.0,598.0,16.0,52.0,43.0
199,2019,6,21,8SCxvAlxP7s,12023.0,598.0,16.0,52.0,43.0
141,2019,6,22,8SCxvAlxP7s,12023.0,598.0,16.0,52.0,43.0
186,2019,6,23,8SCxvAlxP7s,12023.0,598.0,16.0,52.0,43.0
164,2019,6,24,8SCxvAlxP7s,12023.0,598.0,16.0,52.0,43.0
161,2019,6,25,8SCxvAlxP7s,12023.0,598.0,16.0,52.0,43.0
138,2019,6,26,8SCxvAlxP7s,12023.0,598.0,16.0,52.0,43.0
161,2019,6,27,8SCxvAlxP7s,12023.0,598.0,16.0,52.0,43.0
137,2019,6,28,8SCxvAlxP7s,12023.0,598.0,16.0,52.0,43.0
170,2019,6,29,8SCxvAlxP7s,12023.0,598.0,16.0,52.0,43.0
163,2019,6,30,8SCxvAlxP7s,12023.0,598.0,16.0,52.0,43.0
215,2019,7,1,8SCxvAlxP7s,12023.0,598.0,16.0,52.0,43.0
176,2019,7,2,8SCxvAlxP7s,12023.0,598.0,16.0,52.0,43.0
202,2019,7,3,8SCxvAlxP7s,12023.0,598.0,16.0,52.0,43.0
269,2019,7,4,8SCxvAlxP7s,12023.0,598.0,16.0,52.0,43.0
153,2019,7,5,8SCxvAlxP7s,12023.0,598.0,16.0,52.0,43.0
126,2019,7,6,8SCxvAlxP7s,12023.0,598.0,16.0,52.0,43.0
176,2019,7,7,8SCxvAlxP7s,12023.0,598.0,16.0,52.0,43.0
202,2019,7,8,8SCxvAlxP7s,12023.0,598.0,16.0,52.0,43.0
224,2019,7,9,8SCxvAlxP7s,12023.0,598.0,16.0,52.0,43.0
189,2019,7,10,hSluv7Goch8,23250.0,795.0,27.0,164.0,395.0
159,2019,7,11,hSluv7Goch8,23250.0,795.0,27.0,164.0,395.0
123,2019,7,12,hSluv7Goch8,23250.0,795.0,27.0,164.0,395.0
141,2019,7,13,hSluv7Goch8,23250.0,795.0,27.0,164.0,395.0
131,2019,7,14,hSluv7Goch8,23250.0,795.0,27.0,164.0,395.0
170,2019,7,15,hSluv7Goch8,23250.0,795.0,27.0,164.0,395.0
145,2019,7,16,hSluv7Goch8,23250.0,795.0,27.0,164.0,395.0
149,2019,7,17,hSluv7Goch8,23250.0,795.0,27.0,164.0,395.0
130,2019,7,18,hSluv7Goch8,23250.0,795.0,27.0,164.0,395.0
137,2019,7,19,hSluv7Goch8,23250.0,795.0,27.0,164.0,395.0
145,2019,7,20,hSluv7Goch8,23250.0,795.0,27.0,164.0,395.0
131,2019,7,21,hSluv7Goch8,23250.0,795.0,27.0,164.0,395.0
144,2019,7,22,hSluv7Goch8,23250.0,795.0,27.0,164.0,395.0
94,2019,7,23,hSluv7Goch8,23250.0,795.0,27.0,164.0,395.0
163,2019,7,24,Lx1Hayr-s8I,34110.0,721.0,18.0,120.0,167.0
200,2019,7,25,Lx1Hayr-s8I,34110.0,721.0,18.0,120.0,167.0
130,2019,7,26,Lx1Hayr-s8I,34110.0,721.0,18.0,120.0,167.0
174,2019,7,27,Lx1Hayr-s8I,34110.0,721.0,18.0,120.0,167.0
187,2019,7,28,Lx1Hayr-s8I,34110.0,721.0,18.0,120.0,167.0
186,2019,7,29,Lx1Hayr-s8I,34110.0,721.0,18.0,120.0,167.0
192,2019,7,30,Lx1Hayr-s8I,34110.0,721.0,18.0,120.0,167.0
204,2019,7,31,Lx1Hayr-s8I,34110.0,721.0,18.0,120.0,167.0
142,2019,8,1,Lx1Hayr-s8I,34110.0,721.0,18.0,120.0,167.0
113,2019,8,2,Lx1Hayr-s8I,34110.0,721.0,18.0,120.0,167.0
131,2019,8,3,Lx1Hayr-s8I,34110.0,721.0,18.0,120.0,167.0
310,2019,8,4,YCkWZ0rmpxE,7970.0,210.0,11.0,29.0,47.0
223,2019,8,5,YCkWZ0rmpxE,7970.0,210.0,11.0,29.0,47.0
197,2019,8,6,YCkWZ0rmpxE,7970.0,210.0,11.0,29.0,47.0
172,2019,8,7,s5snqe5KoaE,66449.0,617.0,36.0,67.0,112.0
146,2019,8,8,s5snqe5KoaE,66449.0,617.0,36.0,67.0,112.0
158,2019,8,9,s5snqe5KoaE,66449.0,617.0,36.0,67.0,112.0
140,2019,8,10,s5snqe5KoaE,66449.0,617.0,36.0,67.0,112.0
161,2019,8,11,4qXN_m0s5j0,15006.0,211.0,4.0,42.0,43.0
175,2019,8,12,4qXN_m0s5j0,15006.0,211.0,4.0,42.0,43.0
151,2019,8,13,4qXN_m0s5j0,15006.0,211.0,4.0,42.0,43.0
167,2019,8,14,4qXN_m0s5j0,15006.0,211.0,4.0,42.0,43.0
149,2019,8,15,4qXN_m0s5j0,15006.0,211.0,4.0,42.0,43.0
151,2019,8,16,4qXN_m0s5j0,15006.0,211.0,4.0,42.0,43.0
130,2019,8,17,4qXN_m0s5j0,15006.0,211.0,4.0,42.0,43.0
163,2019,8,18,4qXN_m0s5j0,15006.0,211.0,4.0,42.0,43.0
162,2019,8,19,4qXN_m0s5j0,15006.0,211.0,4.0,42.0,43.0
158,2019,8,20,4qXN_m0s5j0,15006.0,211.0,4.0,42.0,43.0
154,2019,8,21,4qXN_m0s5j0,15006.0,211.0,4.0,42.0,43.0
281,2019,8,22,4qXN_m0s5j0,15006.0,211.0,4.0,42.0,43.0
175,2019,8,23,4qXN_m0s5j0,15006.0,211.0,4.0,42.0,43.0
135,2019,8,24,4qXN_m0s5j0,15006.0,211.0,4.0,42.0,43.0
142,2019,8,25,4qXN_m0s5j0,15006.0,211.0,4.0,42.0,43.0
128,2019,8,26,4qXN_m0s5j0,15006.0,211.0,4.0,42.0,43.0
157,2019,8,27,4qXN_m0s5j0,15006.0,211.0,4.0,42.0,43.0
204,2019,8,28,J4OiZZtNkik,51227.0,460.0,11.0,93.0,254.0
178,2019,8,29,J4OiZZtNkik,51227.0,460.0,11.0,93.0,254.0
156,2019,8,30,J4OiZZtNkik,51227.0,460.0,11.0,93.0,254.0
163,2019,8,31,J4OiZZtNkik,51227.0,460.0,11.0,93.0,254.0
187,2019,9,1,J4OiZZtNkik,51227.0,460.0,11.0,93.0,254.0
197,2019,9,2,J4OiZZtNkik,51227.0,460.0,11.0,93.0,254.0
162,2019,9,3,J4OiZZtNkik,51227.0,460.0,11.0,93.0,254.0
212,2019,9,4,J4OiZZtNkik,51227.0,460.0,11.0,93.0,254.0
310,2019,9,5,J4OiZZtNkik,51227.0,460.0,11.0,93.0,254.0
254,2019,9,6,J4OiZZtNkik,51227.0,460.0,11.0,93.0,254.0
199,2019,9,7,J4OiZZtNkik,51227.0,460.0,11.0,93.0,254.0
168,2019,9,8,E6qtmUH7CC4,42730.0,1076.0,18.0,150.0,337.0
205,2019,9,9,E6qtmUH7CC4,42730.0,1076.0,18.0,150.0,337.0
201,2019,9,10,E6qtmUH7CC4,42730.0,1076.0,18.0,150.0,337.0
180,2019,9,11,E6qtmUH7CC4,42730.0,1076.0,18.0,150.0,337.0
196,2019,9,12,E6qtmUH7CC4,42730.0,1076.0,18.0,150.0,337.0
184,2019,9,13,E6qtmUH7CC4,42730.0,1076.0,18.0,150.0,337.0
429,2019,9,14,E6qtmUH7CC4,42730.0,1076.0,18.0,150.0,337.0
255,2019,9,15,E6qtmUH7CC4,42730.0,1076.0,18.0,150.0,337.0
174,2019,9,16,E6qtmUH7CC4,42730.0,1076.0,18.0,150.0,337.0
178,2019,9,17,E6qtmUH7CC4,42730.0,1076.0,18.0,150.0,337.0
197,2019,9,18,E6qtmUH7CC4,42730.0,1076.0,18.0,150.0,337.0
190,2019,9,19,E6qtmUH7CC4,42730.0,1076.0,18.0,150.0,337.0
131,2019,9,20,E6qtmUH7CC4,42730.0,1076.0,18.0,150.0,337.0
183,2019,9,21,E6qtmUH7CC4,42730.0,1076.0,18.0,150.0,337.0
255,2019,9,22,E6qtmUH7CC4,42730.0,1076.0,18.0,150.0,337.0
234,2019,9,23,E6qtmUH7CC4,42730.0,1076.0,18.0,150.0,337.0
239,2019,9,24,E6qtmUH7CC4,42730.0,1076.0,18.0,150.0,337.0
236,2019,9,25,E6qtmUH7CC4,42730.0,1076.0,18.0,150.0,337.0
250,2019,9,26,E6qtmUH7CC4,42730.0,1076.0,18.0,150.0,337.0
216,2019,9,27,E6qtmUH7CC4,42730.0,1076.0,18.0,150.0,337.0
231,2019,9,28,E6qtmUH7CC4,42730.0,1076.0,18.0,150.0,337.0
256,2019,9,29,E6qtmUH7CC4,42730.0,1076.0,18.0,150.0,337.0
270,2019,9,30,E6qtmUH7CC4,42730.0,1076.0,18.0,150.0,337.0
219,2019,10,1,E6qtmUH7CC4,42730.0,1076.0,18.0,150.0,337.0
248,2019,10,2,E6qtmUH7CC4,42730.0,1076.0,18.0,150.0,337.0
357,2019,10,3,E6qtmUH7CC4,42730.0,1076.0,18.0,150.0,337.0
407,2019,10,4,E6qtmUH7CC4,42730.0,1076.0,18.0,150.0,337.0
302,2019,10,5,E6qtmUH7CC4,42730.0,1076.0,18.0,150.0,337.0
329,2019,10,6,E6qtmUH7CC4,42730.0,1076.0,18.0,150.0,337.0
383,2019,10,7,E6qtmUH7CC4,42730.0,1076.0,18.0,150.0,337.0
358,2019,10,8,E6qtmUH7CC4,42730.0,1076.0,18.0,150.0,337.0
276,2019,10,9,E6qtmUH7CC4,42730.0,1076.0,18.0,150.0,337.0
302,2019,10,10,E6qtmUH7CC4,42730.0,1076.0,18.0,150.0,337.0
251,2019,10,11,E6qtmUH7CC4,42730.0,1076.0,18.0,150.0,337.0
251,2019,10,12,E6qtmUH7CC4,42730.0,1076.0,18.0,150.0,337.0
293,2019,10,13,E6qtmUH7CC4,42730.0,1076.0,18.0,150.0,337.0
261,2019,10,14,E6qtmUH7CC4,42730.0,1076.0,18.0,150.0,337.0
276,2019,10,15,E6qtmUH7CC4,42730.0,1076.0,18.0,150.0,337.0
291,2019,10,16,E6qtmUH7CC4,42730.0,1076.0,18.0,150.0,337.0
277,2019,10,17,E6qtmUH7CC4,42730.0,1076.0,18.0,150.0,337.0
259,2019,10,18,E6qtmUH7CC4,42730.0,1076.0,18.0,150.0,337.0
247,2019,10,19,E6qtmUH7CC4,42730.0,1076.0,18.0,150.0,337.0
316,2019,10,20,E6qtmUH7CC4,42730.0,1076.0,18.0,150.0,337.0
287,2019,10,21,E6qtmUH7CC4,42730.0,1076.0,18.0,150.0,337.0
276,2019,10,22,E6qtmUH7CC4,42730.0,1076.0,18.0,150.0,337.0
261,2019,10,23,E6qtmUH7CC4,42730.0,1076.0,18.0,150.0,337.0
276,2019,10,24,E6qtmUH7CC4,42730.0,1076.0,18.0,150.0,337.0
256,2019,10,25,E6qtmUH7CC4,42730.0,1076.0,18.0,150.0,337.0
310,2019,10,26,E6qtmUH7CC4,42730.0,1076.0,18.0,150.0,337.0
288,2019,10,27,E6qtmUH7CC4,42730.0,1076.0,18.0,150.0,337.0
308,2019,10,28,E6qtmUH7CC4,42730.0,1076.0,18.0,150.0,337.0
267,2019,10,29,E6qtmUH7CC4,42730.0,1076.0,18.0,150.0,337.0
269,2019,10,30,E6qtmUH7CC4,42730.0,1076.0,18.0,150.0,337.0
313,2019,10,31,623Z-KIRyuY,19218.0,386.0,14.0,60.0,61.0
404,2019,11,1,623Z-KIRyuY,19218.0,386.0,14.0,60.0,61.0
339,2019,11,2,623Z-KIRyuY,19218.0,386.0,14.0,60.0,61.0
473,2019,11,3,7kmNfzzgVvs,46509.0,605.0,23.0,102.0,110.0
390,2019,11,4,7kmNfzzgVvs,46509.0,605.0,23.0,102.0,110.0
310,2019,11,5,7kmNfzzgVvs,46509.0,605.0,23.0,102.0,110.0
312,2019,11,6,7kmNfzzgVvs,46509.0,605.0,23.0,102.0,110.0
311,2019,11,7,7kmNfzzgVvs,46509.0,605.0,23.0,102.0,110.0
250,2019,11,8,7kmNfzzgVvs,46509.0,605.0,23.0,102.0,110.0
263,2019,11,9,7kmNfzzgVvs,46509.0,605.0,23.0,102.0,110.0
303,2019,11,10,7kmNfzzgVvs,46509.0,605.0,23.0,102.0,110.0
241,2019,11,11,7kmNfzzgVvs,46509.0,605.0,23.0,102.0,110.0
406,2019,11,12,7kmNfzzgVvs,46509.0,605.0,23.0,102.0,110.0
332,2019,11,13,7kmNfzzgVvs,46509.0,605.0,23.0,102.0,110.0
862,2019,11,14,0ecObmzXrHE,47291.0,1035.0,54.0,261.0,323.0
1142,2019,11,15,0ecObmzXrHE,47291.0,1035.0,54.0,261.0,323.0
912,2019,11,16,0ecObmzXrHE,47291.0,1035.0,54.0,261.0,323.0
1149,2019,11,17,JiiixEex-z0,36719.0,696.0,25.0,138.0,269.0
837,2019,11,18,JiiixEex-z0,36719.0,696.0,25.0,138.0,269.0
696,2019,11,19,JiiixEex-z0,36719.0,696.0,25.0,138.0,269.0
565,2019,11,20,JiiixEex-z0,36719.0,696.0,25.0,138.0,269.0
563,2019,11,21,JiiixEex-z0,36719.0,696.0,25.0,138.0,269.0
536,2019,11,22,gZwiZWy71XA,9975.0,268.0,11.0,55.0,46.0
586,2019,11,23,gZwiZWy71XA,9975.0,268.0,11.0,55.0,46.0
594,2019,11,24,jBNHj9UeN7A,70505.0,909.0,36.0,153.0,266.0
507,2019,11,25,jBNHj9UeN7A,70505.0,909.0,36.0,153.0,266.0
463,2019,11,26,jBNHj9UeN7A,70505.0,909.0,36.0,153.0,266.0
851,2019,11,27,40_abdTaZTw,17370.0,442.0,12.0,60.0,47.0
1291,2019,11,28,40_abdTaZTw,17370.0,442.0,12.0,60.0,47.0
963,2019,11,29,40_abdTaZTw,17370.0,442.0,12.0,60.0,47.0
573,2019,11,30,40_abdTaZTw,17370.0,442.0,12.0,60.0,47.0
599,2019,12,1,7Kg62xryma0,18949.0,492.0,7.0,84.0,116.0
553,2019,12,2,7Kg62xryma0,18949.0,492.0,7.0,84.0,116.0
408,2019,12,3,7Kg62xryma0,18949.0,492.0,7.0,84.0,116.0
360,2019,12,4,7Kg62xryma0,18949.0,492.0,7.0,84.0,116.0
356,2019,12,5,7Kg62xryma0,18949.0,492.0,7.0,84.0,116.0
362,2019,12,6,7Kg62xryma0,18949.0,492.0,7.0,84.0,116.0
292,2019,12,7,7Kg62xryma0,18949.0,492.0,7.0,84.0,116.0
363,2019,12,8,7Kg62xryma0,18949.0,492.0,7.0,84.0,116.0
370,2019,12,9,7Kg62xryma0,18949.0,492.0,7.0,84.0,116.0
367,2019,12,10,7Kg62xryma0,18949.0,492.0,7.0,84.0,116.0
583,2019,12,11,7Kg62xryma0,18949.0,492.0,7.0,84.0,116.0
563,2019,12,12,7Kg62xryma0,18949.0,492.0,7.0,84.0,116.0
277,2019,12,13,7Kg62xryma0,18949.0,492.0,7.0,84.0,116.0
265,2019,12,14,7Kg62xryma0,18949.0,492.0,7.0,84.0,116.0
519,2019,12,15,McjzpmbVsNI,9813.0,229.0,15.0,38.0,32.0
344,2019,12,16,McjzpmbVsNI,9813.0,229.0,15.0,38.0,32.0
330,2019,12,17,McjzpmbVsNI,9813.0,229.0,15.0,38.0,32.0
302,2019,12,18,McjzpmbVsNI,9813.0,229.0,15.0,38.0,32.0
277,2019,12,19,jltsAQQQztc,14620.0,255.0,8.0,68.0,73.0
311,2019,12,20,jltsAQQQztc,14620.0,255.0,8.0,68.0,73.0
258,2019,12,21,jltsAQQQztc,14620.0,255.0,8.0,68.0,73.0
337,2019,12,22,jltsAQQQztc,14620.0,255.0,8.0,68.0,73.0
331,2019,12,23,jltsAQQQztc,14620.0,255.0,8.0,68.0,73.0
340,2019,12,24,jltsAQQQztc,14620.0,255.0,8.0,68.0,73.0
472,2019,12,25,jltsAQQQztc,14620.0,255.0,8.0,68.0,73.0
644,2019,12,26,jltsAQQQztc,14620.0,255.0,8.0,68.0,73.0
466,2019,12,27,jltsAQQQztc,14620.0,255.0,8.0,68.0,73.0
398,2019,12,28,jltsAQQQztc,14620.0,255.0,8.0,68.0,73.0
402,2019,12,29,jltsAQQQztc,14620.0,255.0,8.0,68.0,73.0
411,2019,12,30,iA27B9BmhlQ,8541.0,314.0,3.0,61.0,34.0
318,2019,12,31,iA27B9BmhlQ,8541.0,314.0,3.0,61.0,34.0
326,2020,1,1,iA27B9BmhlQ,8541.0,314.0,3.0,61.0,34.0
365,2020,1,2,iA27B9BmhlQ,8541.0,314.0,3.0,61.0,34.0
362,2020,1,3,iA27B9BmhlQ,8541.0,314.0,3.0,61.0,34.0
324,2020,1,4,iA27B9BmhlQ,8541.0,314.0,3.0,61.0,34.0
382,2020,1,5,iA27B9BmhlQ,8541.0,314.0,3.0,61.0,34.0
327,2020,1,6,iA27B9BmhlQ,8541.0,314.0,3.0,61.0,34.0
322,2020,1,7,iA27B9BmhlQ,8541.0,314.0,3.0,61.0,34.0
330,2020,1,8,iA27B9BmhlQ,8541.0,314.0,3.0,61.0,34.0
304,2020,1,9,iA27B9BmhlQ,8541.0,314.0,3.0,61.0,34.0
255,2020,1,10,iA27B9BmhlQ,8541.0,314.0,3.0,61.0,34.0
414,2020,1,11,iA27B9BmhlQ,8541.0,314.0,3.0,61.0,34.0
595,2020,1,12,iA27B9BmhlQ,8541.0,314.0,3.0,61.0,34.0
591,2020,1,13,iA27B9BmhlQ,8541.0,314.0,3.0,61.0,34.0
388,2020,1,14,iA27B9BmhlQ,8541.0,314.0,3.0,61.0,34.0
256,2020,1,15,iA27B9BmhlQ,8541.0,314.0,3.0,61.0,34.0
261,2020,1,16,iA27B9BmhlQ,8541.0,314.0,3.0,61.0,34.0
240,2020,1,17,iA27B9BmhlQ,8541.0,314.0,3.0,61.0,34.0
235,2020,1,18,iA27B9BmhlQ,8541.0,314.0,3.0,61.0,34.0
395,2020,1,19,OnjFRhzhvDk,24151.0,452.0,17.0,68.0,111.0
309,2020,1,20,OnjFRhzhvDk,24151.0,452.0,17.0,68.0,111.0
252,2020,1,21,OnjFRhzhvDk,24151.0,452.0,17.0,68.0,111.0
237,2020,1,22,OnjFRhzhvDk,24151.0,452.0,17.0,68.0,111.0
251,2020,1,23,OnjFRhzhvDk,24151.0,452.0,17.0,68.0,111.0
202,2020,1,24,OnjFRhzhvDk,24151.0,452.0,17.0,68.0,111.0
209,2020,1,25,OnjFRhzhvDk,24151.0,452.0,17.0,68.0,111.0
278,2020,1,26,OnjFRhzhvDk,24151.0,452.0,17.0,68.0,111.0
220,2020,1,27,OnjFRhzhvDk,24151.0,452.0,17.0,68.0,111.0
242,2020,1,28,OnjFRhzhvDk,24151.0,452.0,17.0,68.0,111.0
218,2020,1,29,OnjFRhzhvDk,24151.0,452.0,17.0,68.0,111.0
196,2020,1,30,OnjFRhzhvDk,24151.0,452.0,17.0,68.0,111.0
185,2020,1,31,OnjFRhzhvDk,24151.0,452.0,17.0,68.0,111.0
209,2020,2,1,OnjFRhzhvDk,24151.0,452.0,17.0,68.0,111.0
245,2020,2,2,pz4Ue39xKOw,17888.0,418.0,17.0,84.0,122.0
234,2020,2,3,pz4Ue39xKOw,17888.0,418.0,17.0,84.0,122.0
217,2020,2,4,pz4Ue39xKOw,17888.0,418.0,17.0,84.0,122.0
201,2020,2,5,RVOugU-VBWM,41223.0,730.0,17.0,80.0,98.0
231,2020,2,6,RVOugU-VBWM,41223.0,730.0,17.0,80.0,98.0
184,2020,2,7,RVOugU-VBWM,41223.0,730.0,17.0,80.0,98.0
209,2020,2,8,RVOugU-VBWM,41223.0,730.0,17.0,80.0,98.0
265,2020,2,9,vFP9RbUhWcI,55365.0,491.0,32.0,50.0,153.0
269,2020,2,10,vFP9RbUhWcI,55365.0,491.0,32.0,50.0,153.0
239,2020,2,11,vFP9RbUhWcI,55365.0,491.0,32.0,50.0,153.0
178,2020,2,12,vFP9RbUhWcI,55365.0,491.0,32.0,50.0,153.0
173,2020,2,13,vFP9RbUhWcI,55365.0,491.0,32.0,50.0,153.0
162,2020,2,14,vFP9RbUhWcI,55365.0,491.0,32.0,50.0,153.0
170,2020,2,15,vFP9RbUhWcI,55365.0,491.0,32.0,50.0,153.0
228,2020,2,16,vFP9RbUhWcI,55365.0,491.0,32.0,50.0,153.0
180,2020,2,17,vFP9RbUhWcI,55365.0,491.0,32.0,50.0,153.0
147,2020,2,18,vFP9RbUhWcI,55365.0,491.0,32.0,50.0,153.0
157,2020,2,19,vFP9RbUhWcI,55365.0,491.0,32.0,50.0,153.0
181,2020,2,20,vFP9RbUhWcI,55365.0,491.0,32.0,50.0,153.0
133,2020,2,21,vFP9RbUhWcI,55365.0,491.0,32.0,50.0,153.0
138,2020,2,22,vFP9RbUhWcI,55365.0,491.0,32.0,50.0,153.0
163,2020,2,23,vFP9RbUhWcI,55365.0,491.0,32.0,50.0,153.0
123,2020,2,24,vFP9RbUhWcI,55365.0,491.0,32.0,50.0,153.0
153,2020,2,25,vFP9RbUhWcI,55365.0,491.0,32.0,50.0,153.0
136,2020,2,26,vFP9RbUhWcI,55365.0,491.0,32.0,50.0,153.0
158,2020,2,27,vFP9RbUhWcI,55365.0,491.0,32.0,50.0,153.0
219,2020,2,28,vFP9RbUhWcI,55365.0,491.0,32.0,50.0,153.0
162,2020,2,29,vFP9RbUhWcI,55365.0,491.0,32.0,50.0,153.0
336,2020,3,1,o9S-1p1GZzs,9288.0,367.0,6.0,107.0,107.0
316,2020,3,2,o9S-1p1GZzs,9288.0,367.0,6.0,107.0,107.0
143,2020,3,3,o9S-1p1GZzs,9288.0,367.0,6.0,107.0,107.0
169,2020,3,4,o9S-1p1GZzs,9288.0,367.0,6.0,107.0,107.0
149,2020,3,5,o9S-1p1GZzs,9288.0,367.0,6.0,107.0,107.0
162,2020,3,6,o9S-1p1GZzs,9288.0,367.0,6.0,107.0,107.0
134,2020,3,7,o9S-1p1GZzs,9288.0,367.0,6.0,107.0,107.0
199,2020,3,8,o9S-1p1GZzs,9288.0,367.0,6.0,107.0,107.0
209,2020,3,9,o9S-1p1GZzs,9288.0,367.0,6.0,107.0,107.0
143,2020,3,10,o9S-1p1GZzs,9288.0,367.0,6.0,107.0,107.0
141,2020,3,11,o9S-1p1GZzs,9288.0,367.0,6.0,107.0,107.0
127,2020,3,12,o9S-1p1GZzs,9288.0,367.0,6.0,107.0,107.0
89,2020,3,13,o9S-1p1GZzs,9288.0,367.0,6.0,107.0,107.0
131,2020,3,14,o9S-1p1GZzs,9288.0,367.0,6.0,107.0,107.0
178,2020,3,15,lZDYNum43CI,81335.0,819.0,43.0,90.0,1922.0
132,2020,3,16,lZDYNum43CI,81335.0,819.0,43.0,90.0,1922.0
123,2020,3,17,lZDYNum43CI,81335.0,819.0,43.0,90.0,1922.0
108,2020,3,18,lZDYNum43CI,81335.0,819.0,43.0,90.0,1922.0
90,2020,3,19,lZDYNum43CI,81335.0,819.0,43.0,90.0,1922.0
83,2020,3,20,lZDYNum43CI,81335.0,819.0,43.0,90.0,1922.0
105,2020,3,21,lZDYNum43CI,81335.0,819.0,43.0,90.0,1922.0
95,2020,3,22,sEKT-VpShB8,18031.0,282.0,15.0,41.0,52.0
143,2020,3,23,sEKT-VpShB8,18031.0,282.0,15.0,41.0,52.0
126,2020,3,24,sEKT-VpShB8,18031.0,282.0,15.0,41.0,52.0
130,2020,3,25,ieNYrZkiC9Q,26901.0,624.0,26.0,139.0,184.0
130,2020,3,26,ieNYrZkiC9Q,26901.0,624.0,26.0,139.0,184.0
139,2020,3,27,_MqhXMG5t_Y,41683.0,1188.0,28.0,98.0,116.0
207,2020,3,28,_MqhXMG5t_Y,41683.0,1188.0,28.0,98.0,116.0
267,2020,3,29,XfVvds5-TWs,16836.0,341.0,11.0,112.0,102.0
223,2020,3,30,XfVvds5-TWs,16836.0,341.0,11.0,112.0,102.0
193,2020,3,31,XfVvds5-TWs,16836.0,341.0,11.0,112.0,102.0
261,2020,4,1,ymraqs1B_Nw,12426.0,456.0,10.0,51.0,158.0
168,2020,4,2,ymraqs1B_Nw,12426.0,456.0,10.0,51.0,158.0
149,2020,4,3,ymraqs1B_Nw,12426.0,456.0,10.0,51.0,158.0
145,2020,4,4,ymraqs1B_Nw,12426.0,456.0,10.0,51.0,158.0
184,2020,4,5,zjbRIzeGBz8,22975.0,789.0,17.0,219.0,628.0
202,2020,4,6,zjbRIzeGBz8,22975.0,789.0,17.0,219.0,628.0
172,2020,4,7,ScyCWqwK2PQ,2800.0,95.0,3.0,27.0,23.0
183,2020,4,8,ScyCWqwK2PQ,2800.0,95.0,3.0,27.0,23.0
142,2020,4,9,ScyCWqwK2PQ,2800.0,95.0,3.0,27.0,23.0
196,2020,4,10,XfEOrjWw8Vk,7553.0,301.0,4.0,43.0,66.0
208,2020,4,11,XfEOrjWw8Vk,7553.0,301.0,4.0,43.0,66.0
181,2020,4,12,XfEOrjWw8Vk,7553.0,301.0,4.0,43.0,66.0
238,2020,4,13,XfEOrjWw8Vk,7553.0,301.0,4.0,43.0,66.0
177,2020,4,14,XfEOrjWw8Vk,7553.0,301.0,4.0,43.0,66.0
151,2020,4,15,XfEOrjWw8Vk,7553.0,301.0,4.0,43.0,66.0
176,2020,4,16,XfEOrjWw8Vk,7553.0,301.0,4.0,43.0,66.0
160,2020,4,17,MqDdjuTZgZs,54327.0,528.0,70.0,126.0,496.0
207,2020,4,18,9y1C4OA_5VI,13538.0,354.0,14.0,106.0,132.0
167,2020,4,19,9y1C4OA_5VI,13538.0,354.0,14.0,106.0,132.0
262,2020,4,20,9y1C4OA_5VI,13538.0,354.0,14.0,106.0,132.0
169,2020,4,21,9y1C4OA_5VI,13538.0,354.0,14.0,106.0,132.0
207,2020,4,22,9y1C4OA_5VI,13538.0,354.0,14.0,106.0,132.0
176,2020,4,23,8_mMgloH06Y,26795.0,763.0,25.0,151.0,378.0
181,2020,4,24,8_mMgloH06Y,26795.0,763.0,25.0,151.0,378.0
171,2020,4,25,8_mMgloH06Y,26795.0,763.0,25.0,151.0,378.0
273,2020,4,26,8_mMgloH06Y,26795.0,763.0,25.0,151.0,378.0
318,2020,4,27,8_mMgloH06Y,26795.0,763.0,25.0,151.0,378.0
327,2020,4,28,8_mMgloH06Y,26795.0,763.0,25.0,151.0,378.0
338,2020,4,29,fR2ZdbX7otA,16420.0,479.0,13.0,101.0,233.0
333,2020,4,30,fR2ZdbX7otA,16420.0,479.0,13.0,101.0,233.0
256,2020,5,1,fR2ZdbX7otA,16420.0,479.0,13.0,101.0,233.0
170,2020,5,2,fR2ZdbX7otA,16420.0,479.0,13.0,101.0,233.0
380,2020,5,3,fR2ZdbX7otA,16420.0,479.0,13.0,101.0,233.0
346,2020,5,4,fR2ZdbX7otA,16420.0,479.0,13.0,101.0,233.0
206,2020,5,5,fR2ZdbX7otA,16420.0,479.0,13.0,101.0,233.0
196,2020,5,6,fR2ZdbX7otA,16420.0,479.0,13.0,101.0,233.0
205,2020,5,7,fR2ZdbX7otA,16420.0,479.0,13.0,101.0,233.0
241,2020,5,8,fR2ZdbX7otA,16420.0,479.0,13.0,101.0,233.0
246,2020,5,9,fR2ZdbX7otA,16420.0,479.0,13.0,101.0,233.0
310,2020,5,10,fR2ZdbX7otA,16420.0,479.0,13.0,101.0,233.0
263,2020,5,11,fR2ZdbX7otA,16420.0,479.0,13.0,101.0,233.0
191,2020,5,12,fR2ZdbX7otA,16420.0,479.0,13.0,101.0,233.0
189,2020,5,13,fR2ZdbX7otA,16420.0,479.0,13.0,101.0,233.0
156,2020,5,14,fR2ZdbX7otA,16420.0,479.0,13.0,101.0,233.0
207,2020,5,15,fR2ZdbX7otA,16420.0,479.0,13.0,101.0,233.0
217,2020,5,16,fR2ZdbX7otA,16420.0,479.0,13.0,101.0,233.0
184,2020,5,17,fR2ZdbX7otA,16420.0,479.0,13.0,101.0,233.0
258,2020,5,18,fR2ZdbX7otA,16420.0,479.0,13.0,101.0,233.0
175,2020,5,19,fR2ZdbX7otA,16420.0,479.0,13.0,101.0,233.0
528,2020,5,20,-_sRqyAV21g,17340.0,525.0,13.0,145.0,132.0
315,2020,5,21,-_sRqyAV21g,17340.0,525.0,13.0,145.0,132.0
278,2020,5,22,-_sRqyAV21g,17340.0,525.0,13.0,145.0,132.0
292,2020,5,23,-_sRqyAV21g,17340.0,525.0,13.0,145.0,132.0
245,2020,5,24,-_sRqyAV21g,17340.0,525.0,13.0,145.0,132.0
339,2020,5,25,-_sRqyAV21g,17340.0,525.0,13.0,145.0,132.0
392,2020,5,26,-_sRqyAV21g,17340.0,525.0,13.0,145.0,132.0
224,2020,5,27,-_sRqyAV21g,17340.0,525.0,13.0,145.0,132.0
355,2020,5,28,-_sRqyAV21g,17340.0,525.0,13.0,145.0,132.0
499,2020,5,29,-_sRqyAV21g,17340.0,525.0,13.0,145.0,132.0
468,2020,5,30,-_sRqyAV21g,17340.0,525.0,13.0,145.0,132.0
303,2020,5,31,-_sRqyAV21g,17340.0,525.0,13.0,145.0,132.0
332,2020,6,1,-_sRqyAV21g,17340.0,525.0,13.0,145.0,132.0
221,2020,6,2,NivC1gu-Wi8,9726.0,355.0,6.0,47.0,39.0
477,2020,6,3,NivC1gu-Wi8,9726.0,355.0,6.0,47.0,39.0
295,2020,6,4,NivC1gu-Wi8,9726.0,355.0,6.0,47.0,39.0
301,2020,6,5,NivC1gu-Wi8,9726.0,355.0,6.0,47.0,39.0
252,2020,6,6,NivC1gu-Wi8,9726.0,355.0,6.0,47.0,39.0
366,2020,6,7,NivC1gu-Wi8,9726.0,355.0,6.0,47.0,39.0
516,2020,6,8,NivC1gu-Wi8,9726.0,355.0,6.0,47.0,39.0
283,2020,6,9,NivC1gu-Wi8,9726.0,355.0,6.0,47.0,39.0
407,2020,6,10,NivC1gu-Wi8,9726.0,355.0,6.0,47.0,39.0
633,2020,6,11,NivC1gu-Wi8,9726.0,355.0,6.0,47.0,39.0
811,2020,6,12,NivC1gu-Wi8,9726.0,355.0,6.0,47.0,39.0
506,2020,6,13,NivC1gu-Wi8,9726.0,355.0,6.0,47.0,39.0
450,2020,6,14,NivC1gu-Wi8,9726.0,355.0,6.0,47.0,39.0
532,2020,6,15,NivC1gu-Wi8,9726.0,355.0,6.0,47.0,39.0
340,2020,6,16,NivC1gu-Wi8,9726.0,355.0,6.0,47.0,39.0
445,2020,6,17,NivC1gu-Wi8,9726.0,355.0,6.0,47.0,39.0
493,2020,6,18,NivC1gu-Wi8,9726.0,355.0,6.0,47.0,39.0
396,2020,6,19,NivC1gu-Wi8,9726.0,355.0,6.0,47.0,39.0
338,2020,6,20,NivC1gu-Wi8,9726.0,355.0,6.0,47.0,39.0
316,2020,6,21,NivC1gu-Wi8,9726.0,355.0,6.0,47.0,39.0
365,2020,6,22,NivC1gu-Wi8,9726.0,355.0,6.0,47.0,39.0
694,2020,6,23,Tkj7JKzhnv4,14905.0,374.0,9.0,108.0,215.0
439,2020,6,24,Tkj7JKzhnv4,14905.0,374.0,9.0,108.0,215.0
220,2020,6,25,Tkj7JKzhnv4,14905.0,374.0,9.0,108.0,215.0
224,2020,6,26,Tkj7JKzhnv4,14905.0,374.0,9.0,108.0,215.0
206,2020,6,27,Tkj7JKzhnv4,14905.0,374.0,9.0,108.0,215.0
283,2020,6,28,Tkj7JKzhnv4,14905.0,374.0,9.0,108.0,215.0
279,2020,6,29,Tkj7JKzhnv4,14905.0,374.0,9.0,108.0,215.0
291,2020,6,30,Tkj7JKzhnv4,14905.0,374.0,9.0,108.0,215.0
304,2020,7,1,Tkj7JKzhnv4,14905.0,374.0,9.0,108.0,215.0
399,2020,7,2,Tkj7JKzhnv4,14905.0,374.0,9.0,108.0,215.0
388,2020,7,3,Tkj7JKzhnv4,14905.0,374.0,9.0,108.0,215.0
242,2020,7,4,Tkj7JKzhnv4,14905.0,374.0,9.0,108.0,215.0
247,2020,7,5,Tkj7JKzhnv4,14905.0,374.0,9.0,108.0,215.0
231,2020,7,6,Tkj7JKzhnv4,14905.0,374.0,9.0,108.0,215.0
206,2020,7,7,Tkj7JKzhnv4,14905.0,374.0,9.0,108.0,215.0
238,2020,7,8,Tkj7JKzhnv4,14905.0,374.0,9.0,108.0,215.0
248,2020,7,9,Tkj7JKzhnv4,14905.0,374.0,9.0,108.0,215.0
349,2020,7,10,Tkj7JKzhnv4,14905.0,374.0,9.0,108.0,215.0
340,2020,7,11,Tkj7JKzhnv4,14905.0,374.0,9.0,108.0,215.0
212,2020,7,12,rGosRtdmg_E,3626.0,118.0,11.0,22.0,35.0
263,2020,7,13,rGosRtdmg_E,3626.0,118.0,11.0,22.0,35.0
273,2020,7,14,rGosRtdmg_E,3626.0,118.0,11.0,22.0,35.0
558,2020,7,15,rGosRtdmg_E,3626.0,118.0,11.0,22.0,35.0
319,2020,7,16,rGosRtdmg_E,3626.0,118.0,11.0,22.0,35.0
376,2020,7,17,rGosRtdmg_E,3626.0,118.0,11.0,22.0,35.0
372,2020,7,18,rGosRtdmg_E,3626.0,118.0,11.0,22.0,35.0
434,2020,7,19,-62No0ZxYdo,46360.0,914.0,41.0,117.0,221.0
556,2020,7,20,-62No0ZxYdo,46360.0,914.0,41.0,117.0,221.0
488,2020,7,21,-62No0ZxYdo,46360.0,914.0,41.0,117.0,221.0
475,2020,7,22,-62No0ZxYdo,46360.0,914.0,41.0,117.0,221.0
443,2020,7,23,-62No0ZxYdo,46360.0,914.0,41.0,117.0,221.0
571,2020,7,24,-62No0ZxYdo,46360.0,914.0,41.0,117.0,221.0
419,2020,7,25,-62No0ZxYdo,46360.0,914.0,41.0,117.0,221.0
363,2020,7,26,fKoz-ERraNk,5397.0,142.0,6.0,21.0,19.0
671,2020,7,27,fKoz-ERraNk,5397.0,142.0,6.0,21.0,19.0
566,2020,7,28,fKoz-ERraNk,5397.0,142.0,6.0,21.0,19.0
508,2020,7,29,fKoz-ERraNk,5397.0,142.0,6.0,21.0,19.0
379,2020,7,30,fKoz-ERraNk,5397.0,142.0,6.0,21.0,19.0
465,2020,7,31,fKoz-ERraNk,5397.0,142.0,6.0,21.0,19.0
293,2020,8,1,fKoz-ERraNk,5397.0,142.0,6.0,21.0,19.0
394,2020,8,2,hRTAyAmuo6I,10188.0,268.0,12.0,45.0,23.0
408,2020,8,3,hRTAyAmuo6I,10188.0,268.0,12.0,45.0,23.0
301,2020,8,4,hRTAyAmuo6I,10188.0,268.0,12.0,45.0,23.0
366,2020,8,5,hRTAyAmuo6I,10188.0,268.0,12.0,45.0,23.0
304,2020,8,6,hRTAyAmuo6I,10188.0,268.0,12.0,45.0,23.0
324,2020,8,7,hRTAyAmuo6I,10188.0,268.0,12.0,45.0,23.0
232,2020,8,8,hRTAyAmuo6I,10188.0,268.0,12.0,45.0,23.0
253,2020,8,9,Vug_rPfBUF0,11389.0,305.0,18.0,46.0,61.0
299,2020,8,10,Vug_rPfBUF0,11389.0,305.0,18.0,46.0,61.0
282,2020,8,11,Vug_rPfBUF0,11389.0,305.0,18.0,46.0,61.0
377,2020,8,12,Vug_rPfBUF0,11389.0,305.0,18.0,46.0,61.0
250,2020,8,13,Vug_rPfBUF0,11389.0,305.0,18.0,46.0,61.0
284,2020,8,14,Vug_rPfBUF0,11389.0,305.0,18.0,46.0,61.0
204,2020,8,15,Vug_rPfBUF0,11389.0,305.0,18.0,46.0,61.0
226,2020,8,16,Vug_rPfBUF0,11389.0,305.0,18.0,46.0,61.0
338,2020,8,17,Vug_rPfBUF0,11389.0,305.0,18.0,46.0,61.0
244,2020,8,18,Vug_rPfBUF0,11389.0,305.0,18.0,46.0,61.0
256,2020,8,19,Vug_rPfBUF0,11389.0,305.0,18.0,46.0,61.0
175,2020,8,20,Vug_rPfBUF0,11389.0,305.0,18.0,46.0,61.0
192,2020,8,21,Vug_rPfBUF0,11389.0,305.0,18.0,46.0,61.0
179,2020,8,22,Vug_rPfBUF0,11389.0,305.0,18.0,46.0,61.0
228,2020,8,23,CVgPvQ1yxOA,70737.0,2358.0,25.0,152.0,331.0
256,2020,8,24,CVgPvQ1yxOA,70737.0,2358.0,25.0,152.0,331.0
341,2020,8,25,CVgPvQ1yxOA,70737.0,2358.0,25.0,152.0,331.0
290,2020,8,26,CVgPvQ1yxOA,70737.0,2358.0,25.0,152.0,331.0
318,2020,8,27,CVgPvQ1yxOA,70737.0,2358.0,25.0,152.0,331.0
346,2020,8,28,CVgPvQ1yxOA,70737.0,2358.0,25.0,152.0,331.0
313,2020,8,29,CVgPvQ1yxOA,70737.0,2358.0,25.0,152.0,331.0
578,2020,8,30,QfuT1JtAKtQ,57297.0,1901.0,34.0,211.0,326.0
537,2020,8,31,QfuT1JtAKtQ,57297.0,1901.0,34.0,211.0,326.0
407,2020,9,1,QfuT1JtAKtQ,57297.0,1901.0,34.0,211.0,326.0
413,2020,9,2,QfuT1JtAKtQ,57297.0,1901.0,34.0,211.0,326.0
348,2020,9,3,QfuT1JtAKtQ,57297.0,1901.0,34.0,211.0,326.0
297,2020,9,4,QfuT1JtAKtQ,57297.0,1901.0,34.0,211.0,326.0
249,2020,9,5,QfuT1JtAKtQ,57297.0,1901.0,34.0,211.0,326.0
377,2020,9,6,fe5JRVmpZWw,28980.0,600.0,14.0,94.0,105.0
464,2020,9,7,fe5JRVmpZWw,28980.0,600.0,14.0,94.0,105.0
352,2020,9,8,fe5JRVmpZWw,28980.0,600.0,14.0,94.0,105.0
355,2020,9,9,fe5JRVmpZWw,28980.0,600.0,14.0,94.0,105.0
315,2020,9,10,fe5JRVmpZWw,28980.0,600.0,14.0,94.0,105.0
280,2020,9,11,fe5JRVmpZWw,28980.0,600.0,14.0,94.0,105.0
294,2020,9,12,fe5JRVmpZWw,28980.0,600.0,14.0,94.0,105.0
497,2020,9,13,-gTkxpx8sok,40082.0,1530.0,19.0,187.0,241.0
391,2020,9,14,-gTkxpx8sok,40082.0,1530.0,19.0,187.0,241.0
375,2020,9,15,-gTkxpx8sok,40082.0,1530.0,19.0,187.0,241.0
310,2020,9,16,-gTkxpx8sok,40082.0,1530.0,19.0,187.0,241.0
275,2020,9,17,-gTkxpx8sok,40082.0,1530.0,19.0,187.0,241.0
238,2020,9,18,-gTkxpx8sok,40082.0,1530.0,19.0,187.0,241.0
223,2020,9,19,-gTkxpx8sok,40082.0,1530.0,19.0,187.0,241.0
381,2020,9,20,kuAX283wb_E,23682.0,854.0,9.0,179.0,155.0
254,2020,9,21,kuAX283wb_E,23682.0,854.0,9.0,179.0,155.0
279,2020,9,22,kuAX283wb_E,23682.0,854.0,9.0,179.0,155.0
295,2020,9,23,y3UQtiJ1jTU,24598.0,595.0,13.0,240.0,275.0
281,2020,9,24,y3UQtiJ1jTU,24598.0,595.0,13.0,240.0,275.0
288,2020,9,25,y3UQtiJ1jTU,24598.0,595.0,13.0,240.0,275.0
336,2020,9,26,y3UQtiJ1jTU,24598.0,595.0,13.0,240.0,275.0
362,2020,9,27,bEF1KRrygS4,83381.0,1331.0,55.0,360.0,373.0
370,2020,9,28,bEF1KRrygS4,83381.0,1331.0,55.0,360.0,373.0
329,2020,9,29,bEF1KRrygS4,83381.0,1331.0,55.0,360.0,373.0
303,2020,9,30,4qaxMOL3qn8,6437.0,279.0,9.0,45.0,66.0
259,2020,10,1,4qaxMOL3qn8,6437.0,279.0,9.0,45.0,66.0
264,2020,10,2,4qaxMOL3qn8,6437.0,279.0,9.0,45.0,66.0
280,2020,10,3,4qaxMOL3qn8,6437.0,279.0,9.0,45.0,66.0
340,2020,10,4,E3KSEJMmbcI,10964.0,326.0,5.0,82.0,66.0
276,2020,10,5,E3KSEJMmbcI,10964.0,326.0,5.0,82.0,66.0
249,2020,10,6,E3KSEJMmbcI,10964.0,326.0,5.0,82.0,66.0
255,2020,10,7,E3KSEJMmbcI,10964.0,326.0,5.0,82.0,66.0
246,2020,10,8,E3KSEJMmbcI,10964.0,326.0,5.0,82.0,66.0
256,2020,10,9,E3KSEJMmbcI,10964.0,326.0,5.0,82.0,66.0
227,2020,10,10,E3KSEJMmbcI,10964.0,326.0,5.0,82.0,66.0
284,2020,10,11,J1A3ZRQcgKg,12622.0,488.0,11.0,91.0,120.0
232,2020,10,12,J1A3ZRQcgKg,12622.0,488.0,11.0,91.0,120.0
285,2020,10,13,J1A3ZRQcgKg,12622.0,488.0,11.0,91.0,120.0
248,2020,10,14,J1A3ZRQcgKg,12622.0,488.0,11.0,91.0,120.0
238,2020,10,15,J1A3ZRQcgKg,12622.0,488.0,11.0,91.0,120.0
193,2020,10,16,J1A3ZRQcgKg,12622.0,488.0,11.0,91.0,120.0
231,2020,10,17,J1A3ZRQcgKg,12622.0,488.0,11.0,91.0,120.0
278,2020,10,18,J1A3ZRQcgKg,12622.0,488.0,11.0,91.0,120.0
219,2020,10,19,J1A3ZRQcgKg,12622.0,488.0,11.0,91.0,120.0
262,2020,10,20,J1A3ZRQcgKg,12622.0,488.0,11.0,91.0,120.0
252,2020,10,21,J1A3ZRQcgKg,12622.0,488.0,11.0,91.0,120.0
310,2020,10,22,J1A3ZRQcgKg,12622.0,488.0,11.0,91.0,120.0
218,2020,10,23,J1A3ZRQcgKg,12622.0,488.0,11.0,91.0,120.0
205,2020,10,24,J1A3ZRQcgKg,12622.0,488.0,11.0,91.0,120.0
309,2020,10,25,J1A3ZRQcgKg,12622.0,488.0,11.0,91.0,120.0
238,2020,10,26,J1A3ZRQcgKg,12622.0,488.0,11.0,91.0,120.0
251,2020,10,27,J1A3ZRQcgKg,12622.0,488.0,11.0,91.0,120.0
239,2020,10,28,J1A3ZRQcgKg,12622.0,488.0,11.0,91.0,120.0
224,2020,10,29,J1A3ZRQcgKg,12622.0,488.0,11.0,91.0,120.0
220,2020,10,30,J1A3ZRQcgKg,12622.0,488.0,11.0,91.0,120.0
196,2020,10,31,J1A3ZRQcgKg,12622.0,488.0,11.0,91.0,120.0
250,2020,11,1,J1A3ZRQcgKg,12622.0,488.0,11.0,91.0,120.0
237,2020,11,2,J1A3ZRQcgKg,12622.0,488.0,11.0,91.0,120.0
248,2020,11,3,J1A3ZRQcgKg,12622.0,488.0,11.0,91.0,120.0
235,2020,11,4,J1A3ZRQcgKg,12622.0,488.0,11.0,91.0,120.0
273,2020,11,5,J1A3ZRQcgKg,12622.0,488.0,11.0,91.0,120.0
263,2020,11,6,J1A3ZRQcgKg,12622.0,488.0,11.0,91.0,120.0
295,2020,11,7,J1A3ZRQcgKg,12622.0,488.0,11.0,91.0,120.0
394,2020,11,8,KyBHLE7LXKE,24637.0,912.0,15.0,161.0,157.0
324,2020,11,9,KyBHLE7LXKE,24637.0,912.0,15.0,161.0,157.0
299,2020,11,10,KyBHLE7LXKE,24637.0,912.0,15.0,161.0,157.0
345,2020,11,11,r866PY3E5p4,12882.0,295.0,4.0,31.0,29.0
407,2020,11,12,r866PY3E5p4,12882.0,295.0,4.0,31.0,29.0
317,2020,11,13,r866PY3E5p4,12882.0,295.0,4.0,31.0,29.0
345,2020,11,14,r866PY3E5p4,12882.0,295.0,4.0,31.0,29.0
485,2020,11,15,WHa1EELqPqs,17279.0,495.0,8.0,122.0,62.0
386,2020,11,16,WHa1EELqPqs,17279.0,495.0,8.0,122.0,62.0
335,2020,11,17,WHa1EELqPqs,17279.0,495.0,8.0,122.0,62.0
501,2020,11,18,uToWtYyMg1M,19496.0,541.0,13.0,72.0,62.0
419,2020,11,19,uToWtYyMg1M,19496.0,541.0,13.0,72.0,62.0
411,2020,11,20,uToWtYyMg1M,19496.0,541.0,13.0,72.0,62.0
394,2020,11,21,uToWtYyMg1M,19496.0,541.0,13.0,72.0,62.0
452,2020,11,22,JkanQkHkong,12770.0,348.0,10.0,92.0,112.0
391,2020,11,23,JkanQkHkong,12770.0,348.0,10.0,92.0,112.0
402,2020,11,24,JkanQkHkong,12770.0,348.0,10.0,92.0,112.0
447,2020,11,25,JzhhS0I5O0k,7444.0,249.0,7.0,36.0,22.0
646,2020,11,26,JzhhS0I5O0k,7444.0,249.0,7.0,36.0,22.0
922,2020,11,27,JzhhS0I5O0k,7444.0,249.0,7.0,36.0,22.0
836,2020,11,28,JzhhS0I5O0k,7444.0,249.0,7.0,36.0,22.0
575,2020,11,29,7IuAKaKX6ow,10278.0,353.0,7.0,72.0,76.0
614,2020,11,30,7IuAKaKX6ow,10278.0,353.0,7.0,72.0,76.0
575,2020,12,1,7IuAKaKX6ow,10278.0,353.0,7.0,72.0,76.0
494,2020,12,2,7IuAKaKX6ow,10278.0,353.0,7.0,72.0,76.0
405,2020,12,3,7IuAKaKX6ow,10278.0,353.0,7.0,72.0,76.0
538,2020,12,4,7IuAKaKX6ow,10278.0,353.0,7.0,72.0,76.0
477,2020,12,5,7IuAKaKX6ow,10278.0,353.0,7.0,72.0,76.0
574,2020,12,6,ySKd4_Fhfo4,15503.0,564.0,12.0,96.0,86.0
575,2020,12,7,ySKd4_Fhfo4,15503.0,564.0,12.0,96.0,86.0
623,2020,12,8,1aZVCuS7WLM,28462.0,694.0,14.0,177.0,713.0
515,2020,12,9,1aZVCuS7WLM,28462.0,694.0,14.0,177.0,713.0
450,2020,12,10,1aZVCuS7WLM,28462.0,694.0,14.0,177.0,713.0
367,2020,12,11,1aZVCuS7WLM,28462.0,694.0,14.0,177.0,713.0
528,2020,12,12,1aZVCuS7WLM,28462.0,694.0,14.0,177.0,713.0
754,2020,12,13,TeOxlp0wpr0,22480.0,381.0,10.0,84.0,98.0
624,2020,12,14,TeOxlp0wpr0,22480.0,381.0,10.0,84.0,98.0
508,2020,12,15,_X1vkkjPfIw,4174.0,134.0,2.0,56.0,126.0
380,2020,12,16,_X1vkkjPfIw,4174.0,134.0,2.0,56.0,126.0
367,2020,12,17,_X1vkkjPfIw,4174.0,134.0,2.0,56.0,126.0
410,2020,12,18,_X1vkkjPfIw,4174.0,134.0,2.0,56.0,126.0
332,2020,12,19,_X1vkkjPfIw,4174.0,134.0,2.0,56.0,126.0
449,2020,12,20,pkrMzCGL4h4,8383.0,156.0,6.0,25.0,16.0
678,2020,12,21,pkrMzCGL4h4,8383.0,156.0,6.0,25.0,16.0
417,2020,12,22,pkrMzCGL4h4,8383.0,156.0,6.0,25.0,16.0
388,2020,12,23,KCvSG2F46Y4,20748.0,422.0,10.0,51.0,85.0
325,2020,12,24,KCvSG2F46Y4,20748.0,422.0,10.0,51.0,85.0
461,2020,12,25,KCvSG2F46Y4,20748.0,422.0,10.0,51.0,85.0
1137,2020,12,26,KCvSG2F46Y4,20748.0,422.0,10.0,51.0,85.0
787,2020,12,27,KCvSG2F46Y4,20748.0,422.0,10.0,51.0,85.0
768,2020,12,28,KCvSG2F46Y4,20748.0,422.0,10.0,51.0,85.0
683,2020,12,29,KCvSG2F46Y4,20748.0,422.0,10.0,51.0,85.0
539,2020,12,30,KCvSG2F46Y4,20748.0,422.0,10.0,51.0,85.0
597,2020,12,31,7-WcffbJk4k,10893.0,227.0,10.0,40.0,39.0
540,2021,1,1,7-WcffbJk4k,10893.0,227.0,10.0,40.0,39.0
470,2021,1,2,7-WcffbJk4k,10893.0,227.0,10.0,40.0,39.0
470,2021,1,3,qz9vH0DeeYQ,24352.0,402.0,10.0,141.0,181.0
515,2021,1,4,qz9vH0DeeYQ,24352.0,402.0,10.0,141.0,181.0
401,2021,1,5,qz9vH0DeeYQ,24352.0,402.0,10.0,141.0,181.0
348,2021,1,6,R-7Ue5171VQ,3644.0,109.0,3.0,15.0,3.0
448,2021,1,7,R-7Ue5171VQ,3644.0,109.0,3.0,15.0,3.0
352,2021,1,8,R-7Ue5171VQ,3644.0,109.0,3.0,15.0,3.0
381,2021,1,9,R-7Ue5171VQ,3644.0,109.0,3.0,15.0,3.0
419,2021,1,10,wNq_i67M2d8,9364.0,295.0,6.0,63.0,70.0
509,2021,1,11,wNq_i67M2d8,9364.0,295.0,6.0,63.0,70.0
363,2021,1,12,wNq_i67M2d8,9364.0,295.0,6.0,63.0,70.0
522,2021,1,13,wNq_i67M2d8,9364.0,295.0,6.0,63.0,70.0
436,2021,1,14,0IQxwquZ1z8,13928.0,345.0,10.0,127.0,137.0
559,2021,1,15,0IQxwquZ1z8,13928.0,345.0,10.0,127.0,137.0
489,2021,1,16,0IQxwquZ1z8,13928.0,345.0,10.0,127.0,137.0
396,2021,1,17,0IQxwquZ1z8,13928.0,345.0,10.0,127.0,137.0
501,2021,1,18,m7uDJShYyt4,7764.0,291.0,12.0,80.0,45.0
442,2021,1,19,m7uDJShYyt4,7764.0,291.0,12.0,80.0,45.0
380,2021,1,20,m7uDJShYyt4,7764.0,291.0,12.0,80.0,45.0
306,2021,1,21,m7uDJShYyt4,7764.0,291.0,12.0,80.0,45.0
353,2021,1,22,m7uDJShYyt4,7764.0,291.0,12.0,80.0,45.0
349,2021,1,23,f1qHeW-wgKU,6841.0,184.0,8.0,25.0,28.0
484,2021,1,24,PTQOxtsIOGw,13487.0,314.0,22.0,61.0,89.0
424,2021,1,25,PTQOxtsIOGw,13487.0,314.0,22.0,61.0,89.0
345,2021,1,26,PTQOxtsIOGw,13487.0,314.0,22.0,61.0,89.0
328,2021,1,27,PTQOxtsIOGw,13487.0,314.0,22.0,61.0,89.0
325,2021,1,28,PTQOxtsIOGw,13487.0,314.0,22.0,61.0,89.0
338,2021,1,29,PTQOxtsIOGw,13487.0,314.0,22.0,61.0,89.0
295,2021,1,30,PTQOxtsIOGw,13487.0,314.0,22.0,61.0,89.0
344,2021,1,31,PTQOxtsIOGw,13487.0,314.0,22.0,61.0,89.0
288,2021,2,1,PTQOxtsIOGw,13487.0,314.0,22.0,61.0,89.0
302,2021,2,2,PTQOxtsIOGw,13487.0,314.0,22.0,61.0,89.0
322,2021,2,3,PTQOxtsIOGw,13487.0,314.0,22.0,61.0,89.0
292,2021,2,4,PTQOxtsIOGw,13487.0,314.0,22.0,61.0,89.0
262,2021,2,5,PTQOxtsIOGw,13487.0,314.0,22.0,61.0,89.0
274,2021,2,6,PTQOxtsIOGw,13487.0,314.0,22.0,61.0,89.0
356,2021,2,7,PTQOxtsIOGw,13487.0,314.0,22.0,61.0,89.0
319,2021,2,8,PTQOxtsIOGw,13487.0,314.0,22.0,61.0,89.0
297,2021,2,9,PTQOxtsIOGw,13487.0,314.0,22.0,61.0,89.0
273,2021,2,10,PTQOxtsIOGw,13487.0,314.0,22.0,61.0,89.0
313,2021,2,11,PTQOxtsIOGw,13487.0,314.0,22.0,61.0,89.0
308,2021,2,12,PTQOxtsIOGw,13487.0,314.0,22.0,61.0,89.0
269,2021,2,13,PTQOxtsIOGw,13487.0,314.0,22.0,61.0,89.0
348,2021,2,14,hGlUVl7qhYs,15631.0,370.0,11.0,92.0,76.0
401,2021,2,15,hGlUVl7qhYs,15631.0,370.0,11.0,92.0,76.0
304,2021,2,16,hGlUVl7qhYs,15631.0,370.0,11.0,92.0,76.0
302,2021,2,17,hGlUVl7qhYs,15631.0,370.0,11.0,92.0,76.0
307,2021,2,18,hGlUVl7qhYs,15631.0,370.0,11.0,92.0,76.0
360,2021,2,19,hGlUVl7qhYs,15631.0,370.0,11.0,92.0,76.0
263,2021,2,20,hGlUVl7qhYs,15631.0,370.0,11.0,92.0,76.0
333,2021,2,21,AvKrOa0ltxw,3397.0,92.0,2.0,29.0,16.0
488,2021,2,22,AvKrOa0ltxw,3397.0,92.0,2.0,29.0,16.0
296,2021,2,23,AvKrOa0ltxw,3397.0,92.0,2.0,29.0,16.0
323,2021,2,24,AvKrOa0ltxw,3397.0,92.0,2.0,29.0,16.0
255,2021,2,25,AvKrOa0ltxw,3397.0,92.0,2.0,29.0,16.0
285,2021,2,26,AvKrOa0ltxw,3397.0,92.0,2.0,29.0,16.0
226,2021,2,27,AvKrOa0ltxw,3397.0,92.0,2.0,29.0,16.0
827,2021,2,28,dJzVLCh7rnk,21317.0,353.0,8.0,76.0,33.0
506,2021,3,1,dJzVLCh7rnk,21317.0,353.0,8.0,76.0,33.0
372,2021,3,2,dJzVLCh7rnk,21317.0,353.0,8.0,76.0,33.0
372,2021,3,3,dJzVLCh7rnk,21317.0,353.0,8.0,76.0,33.0
333,2021,3,4,dJzVLCh7rnk,21317.0,353.0,8.0,76.0,33.0
443,2021,3,5,dJzVLCh7rnk,21317.0,353.0,8.0,76.0,33.0
372,2021,3,6,dJzVLCh7rnk,21317.0,353.0,8.0,76.0,33.0
383,2021,3,7,dJzVLCh7rnk,21317.0,353.0,8.0,76.0,33.0
355,2021,3,8,8hx_CVq3vEg,8050.0,223.0,4.0,65.0,42.0
390,2021,3,9,8hx_CVq3vEg,8050.0,223.0,4.0,65.0,42.0
431,2021,3,10,8hx_CVq3vEg,8050.0,223.0,4.0,65.0,42.0
325,2021,3,11,8hx_CVq3vEg,8050.0,223.0,4.0,65.0,42.0
316,2021,3,12,8hx_CVq3vEg,8050.0,223.0,4.0,65.0,42.0
267,2021,3,13,8hx_CVq3vEg,8050.0,223.0,4.0,65.0,42.0
280,2021,3,14,8hx_CVq3vEg,8050.0,223.0,4.0,65.0,42.0
246,2021,3,15,8hx_CVq3vEg,8050.0,223.0,4.0,65.0,42.0
353,2021,3,16,8hx_CVq3vEg,8050.0,223.0,4.0,65.0,42.0
244,2021,3,17,8hx_CVq3vEg,8050.0,223.0,4.0,65.0,42.0
217,2021,3,18,8hx_CVq3vEg,8050.0,223.0,4.0,65.0,42.0
244,2021,3,19,8hx_CVq3vEg,8050.0,223.0,4.0,65.0,42.0
255,2021,3,20,8hx_CVq3vEg,8050.0,223.0,4.0,65.0,42.0
327,2021,3,21,dZXXWOgUlP0,3530.0,150.0,3.0,26.0,12.0
345,2021,3,22,dZXXWOgUlP0,3530.0,150.0,3.0,26.0,12.0
304,2021,3,23,dZXXWOgUlP0,3530.0,150.0,3.0,26.0,12.0
307,2021,3,24,dZXXWOgUlP0,3530.0,150.0,3.0,26.0,12.0
291,2021,3,25,dZXXWOgUlP0,3530.0,150.0,3.0,26.0,12.0
334,2021,3,26,dZXXWOgUlP0,3530.0,150.0,3.0,26.0,12.0
330,2021,3,27,dZXXWOgUlP0,3530.0,150.0,3.0,26.0,12.0
368,2021,3,28,dZXXWOgUlP0,3530.0,150.0,3.0,26.0,12.0
407,2021,3,29,KZeTQvTIST4,9984.0,337.0,2.0,79.0,71.0
285,2021,3,30,KZeTQvTIST4,9984.0,337.0,2.0,79.0,71.0
318,2021,3,31,KZeTQvTIST4,9984.0,337.0,2.0,79.0,71.0
347,2021,4,1,KZeTQvTIST4,9984.0,337.0,2.0,79.0,71.0
408,2021,4,2,KZeTQvTIST4,9984.0,337.0,2.0,79.0,71.0
330,2021,4,3,KZeTQvTIST4,9984.0,337.0,2.0,79.0,71.0
381,2021,4,4,equewwgv550,11880.0,448.0,20.0,59.0,52.0
530,2021,4,5,equewwgv550,11880.0,448.0,20.0,59.0,52.0
369,2021,4,6,equewwgv550,11880.0,448.0,20.0,59.0,52.0
290,2021,4,7,equewwgv550,11880.0,448.0,20.0,59.0,52.0
306,2021,4,8,equewwgv550,11880.0,448.0,20.0,59.0,52.0
308,2021,4,9,equewwgv550,11880.0,448.0,20.0,59.0,52.0
311,2021,4,10,equewwgv550,11880.0,448.0,20.0,59.0,52.0
403,2021,4,11,QYTjDsUQSB0,5861.0,210.0,11.0,75.0,26.0
462,2021,4,12,QYTjDsUQSB0,5861.0,210.0,11.0,75.0,26.0
413,2021,4,13,QYTjDsUQSB0,5861.0,210.0,11.0,75.0,26.0
332,2021,4,14,QYTjDsUQSB0,5861.0,210.0,11.0,75.0,26.0
300,2021,4,15,QYTjDsUQSB0,5861.0,210.0,11.0,75.0,26.0
269,2021,4,16,QYTjDsUQSB0,5861.0,210.0,11.0,75.0,26.0
266,2021,4,17,QYTjDsUQSB0,5861.0,210.0,11.0,75.0,26.0
284,2021,4,18,QYTjDsUQSB0,5861.0,210.0,11.0,75.0,26.0
289,2021,4,19,QYTjDsUQSB0,5861.0,210.0,11.0,75.0,26.0
269,2021,4,20,QYTjDsUQSB0,5861.0,210.0,11.0,75.0,26.0
268,2021,4,21,QYTjDsUQSB0,5861.0,210.0,11.0,75.0,26.0
266,2021,4,22,QgRvH63FqaU,33976.0,1406.0,22.0,107.0,92.0
284,2021,4,23,QgRvH63FqaU,33976.0,1406.0,22.0,107.0,92.0
265,2021,4,24,QgRvH63FqaU,33976.0,1406.0,22.0,107.0,92.0
358,2021,4,25,pMJ0a8TaOzE,4858.0,159.0,5.0,25.0,21.0
424,2021,4,26,pMJ0a8TaOzE,4858.0,159.0,5.0,25.0,21.0
341,2021,4,27,pMJ0a8TaOzE,4858.0,159.0,5.0,25.0,21.0
336,2021,4,28,pMJ0a8TaOzE,4858.0,159.0,5.0,25.0,21.0
313,2021,4,29,pMJ0a8TaOzE,4858.0,159.0,5.0,25.0,21.0
323,2021,4,30,5ZahqIDPtj8,6178.0,170.0,6.0,21.0,12.0
323,2021,5,1,5ZahqIDPtj8,6178.0,170.0,6.0,21.0,12.0
381,2021,5,2,QDFfPAaWTV4,9513.0,441.0,8.0,78.0,74.0
520,2021,5,3,QDFfPAaWTV4,9513.0,441.0,8.0,78.0,74.0
328,2021,5,4,QDFfPAaWTV4,9513.0,441.0,8.0,78.0,74.0
380,2021,5,5,QDFfPAaWTV4,9513.0,441.0,8.0,78.0,74.0
440,2021,5,6,QDFfPAaWTV4,9513.0,441.0,8.0,78.0,74.0
344,2021,5,7,QDFfPAaWTV4,9513.0,441.0,8.0,78.0,74.0
299,2021,5,8,QDFfPAaWTV4,9513.0,441.0,8.0,78.0,74.0
334,2021,5,9,5fwm-A4xckQ,3248.0,216.0,7.0,17.0,8.0
282,2021,5,10,5fwm-A4xckQ,3248.0,216.0,7.0,17.0,8.0
279,2021,5,11,5fwm-A4xckQ,3248.0,216.0,7.0,17.0,8.0
271,2021,5,12,5fwm-A4xckQ,3248.0,216.0,7.0,17.0,8.0
363,2021,5,13,5fwm-A4xckQ,3248.0,216.0,7.0,17.0,8.0
647,2021,5,14,5fwm-A4xckQ,3248.0,216.0,7.0,17.0,8.0
291,2021,5,15,5fwm-A4xckQ,3248.0,216.0,7.0,17.0,8.0
451,2021,5,16,MD1ynBcBLYU,47248.0,1667.0,28.0,147.0,202.0
572,2021,5,17,YUV-fXikTl4,4479.0,157.0,5.0,25.0,22.0
492,2021,5,18,YUV-fXikTl4,4479.0,157.0,5.0,25.0,22.0
341,2021,5,19,YUV-fXikTl4,4479.0,157.0,5.0,25.0,22.0
479,2021,5,20,YUV-fXikTl4,4479.0,157.0,5.0,25.0,22.0
641,2021,5,21,fSqVdDfqZME,8618.0,232.0,2.0,27.0,72.0
664,2021,5,22,fSqVdDfqZME,8618.0,232.0,2.0,27.0,72.0
598,2021,5,23,JwfoTFgr74Y,5308.0,185.0,5.0,35.0,29.0
584,2021,5,24,JwfoTFgr74Y,5308.0,185.0,5.0,35.0,29.0
546,2021,5,25,JwfoTFgr74Y,5308.0,185.0,5.0,35.0,29.0
469,2021,5,26,JwfoTFgr74Y,5308.0,185.0,5.0,35.0,29.0
492,2021,5,27,TX3TFXp2y2M,7385.0,220.0,4.0,14.0,14.0
467,2021,5,28,TX3TFXp2y2M,7385.0,220.0,4.0,14.0,14.0
425,2021,5,29,TX3TFXp2y2M,7385.0,220.0,4.0,14.0,14.0
372,2021,5,30,TX3TFXp2y2M,7385.0,220.0,4.0,14.0,14.0
428,2021,5,31,TX3TFXp2y2M,7385.0,220.0,4.0,14.0,14.0
388,2021,6,1,TX3TFXp2y2M,7385.0,220.0,4.0,14.0,14.0
297,2021,6,2,TX3TFXp2y2M,7385.0,220.0,4.0,14.0,14.0
329,2021,6,3,4TJCzY3Ph88,4134.0,136.0,6.0,38.0,34.0
370,2021,6,4,4TJCzY3Ph88,4134.0,136.0,6.0,38.0,34.0
288,2021,6,5,4TJCzY3Ph88,4134.0,136.0,6.0,38.0,34.0
324,2021,6,6,4TJCzY3Ph88,4134.0,136.0,6.0,38.0,34.0
344,2021,6,7,4TJCzY3Ph88,4134.0,136.0,6.0,38.0,34.0
268,2021,6,8,4TJCzY3Ph88,4134.0,136.0,6.0,38.0,34.0
307,2021,6,9,AFpME2E2GAY,5642.0,209.0,3.0,38.0,31.0
302,2021,6,10,AFpME2E2GAY,5642.0,209.0,3.0,38.0,31.0
358,2021,6,11,AFpME2E2GAY,5642.0,209.0,3.0,38.0,31.0
240,2021,6,12,AFpME2E2GAY,5642.0,209.0,3.0,38.0,31.0
251,2021,6,13,zgXoCGUcR9w,4295.0,173.0,7.0,39.0,21.0
356,2021,6,14,zgXoCGUcR9w,4295.0,173.0,7.0,39.0,21.0
381,2021,6,15,zgXoCGUcR9w,4295.0,173.0,7.0,39.0,21.0
366,2021,6,16,zgXoCGUcR9w,4295.0,173.0,7.0,39.0,21.0
336,2021,6,17,zgXoCGUcR9w,4295.0,173.0,7.0,39.0,21.0
372,2021,6,18,zgXoCGUcR9w,4295.0,173.0,7.0,39.0,21.0
313,2021,6,19,zgXoCGUcR9w,4295.0,173.0,7.0,39.0,21.0
376,2021,6,20,zgXoCGUcR9w,4295.0,173.0,7.0,39.0,21.0
428,2021,6,21,zgXoCGUcR9w,4295.0,173.0,7.0,39.0,21.0
354,2021,6,22,3Cg8-eoNXdY,3275.0,106.0,8.0,36.0,31.0
364,2021,6,23,3Cg8-eoNXdY,3275.0,106.0,8.0,36.0,31.0
359,2021,6,24,3Cg8-eoNXdY,3275.0,106.0,8.0,36.0,31.0
340,2021,6,25,3Cg8-eoNXdY,3275.0,106.0,8.0,36.0,31.0
345,2021,6,26,3Cg8-eoNXdY,3275.0,106.0,8.0,36.0,31.0
342,2021,6,27,3Cg8-eoNXdY,3275.0,106.0,8.0,36.0,31.0
416,2021,6,28,3Cg8-eoNXdY,3275.0,106.0,8.0,36.0,31.0
292,2021,6,29,3Cg8-eoNXdY,3275.0,106.0,8.0,36.0,31.0
346,2021,6,30,3Cg8-eoNXdY,3275.0,106.0,8.0,36.0,31.0
